DC_PRODUTO,TOKENS,TAGS
JATOBA SERRADA EM PRANCHAO,"['JATOBA', 'SERRADA', 'EM', 'PRANCHAO']","[0, 0, 0, 0]"
"SARRAFO - CUMARU-AMARELO (DIPTERYX ODORATA) BRUTO, NORMAL, FAS, AD, 25,00MM A 28,00MM X 50,00MM X 3,00M A 7,50M","['SARRAFO', '-', 'CUMARU-AMARELO', '(DIPTERYX', 'ODORATA)', 'BRUTO,', 'NORMAL,', 'FAS,', 'AD,', '25,00MM', 'A', '28,00MM', 'X', '50,00MM', 'X', '3,00M', 'A', '7,50M']","[0, 0, 0, 0, 0, 0, 0, 0, 0, 0, 0, 0, 0, 0, 0, 0, 0, 0]"
LINHA ANGELIM 5X13CM 3.50MTS,"['LINHA', 'ANGELIM', '5X13CM', '3.50MTS']","[0, 0, 0, 0]"
TAUARI MADEIRA SERR EM RIPAS,"['TAUARI', 'MADEIRA', 'SERR', 'EM', 'RIPAS']","[0, 0, 0, 0, 0]"
PINUS - SARRAFO APARELHADO DE 4 X 10 CM,"['PINUS', '-', 'SARRAFO', 'APARELHADO', 'DE', '4', 'X', '10', 'CM']","[0, 0, 0, 0, 0, 0, 0, 0, 0]"
PEQUIARANA MADEIRA SERRADA TABUA TAIPA,"['PEQUIARANA', 'MADEIRA', 'SERRADA', 'TABUA', 'TAIPA']","[0, 0, 0, 0, 0]"
QUARUBA CEDRO SERRADO EM TABUA,"['QUARUBA', 'CEDRO', 'SERRADO', 'EM', 'TABUA']","[0, 0, 0, 0, 0]"
MADEIRA SERRADA CAIBRO PIPTADENIA SUAVEOLENS - TIMBORANA,"['MADEIRA', 'SERRADA', 'CAIBRO', 'PIPTADENIA', 'SUAVEOLENS', '-', 'TIMBORANA']","[0, 0, 0, 0, 0, 0, 0]"
AMAPA-DOCE SERRADA EM TABUA (TAIPA),"['AMAPA-DOCE', 'SERRADA', 'EM', 'TABUA', '(TAIPA)']","[0, 0, 0, 0, 0]"
CAIBROS 3X5 MISTO,"['CAIBROS', '3X5', 'MISTO']","[0, 0, 0]"
CUMARURANA SERRADA EM PRANCHAS,"['CUMARURANA', 'SERRADA', 'EM', 'PRANCHAS']","[0, 0, 0, 0]"
MADEIRA SERRADA TIPO (VIGA)-TAXI,"['MADEIRA', 'SERRADA', 'TIPO', '(VIGA)-TAXI']","[0, 0, 0, 0]"
TAUARI SERRADO EM SARRAFO,"['TAUARI', 'SERRADO', 'EM', 'SARRAFO']","[0, 0, 0, 0]"
MADEIRA SERRADA EM VIGOTAS NA ESPÉCIE ANDIROBA,"['MADEIRA', 'SERRADA', 'EM', 'VIGOTAS', 'NA', 'ESPÉCIE', 'ANDIROBA']","[0, 0, 0, 0, 0, 0, 0]"
MADEIRA SERRADA EM SARRAFOS DA ESSENCIA - CEDRO,"['MADEIRA', 'SERRADA', 'EM', 'SARRAFOS', 'DA', 'ESSENCIA', '-', 'CEDRO']","[0, 0, 0, 0, 0, 0, 0, 0]"
FAVA - BRANCA - SERRADA EM RIPAS,"['FAVA', '-', 'BRANCA', '-', 'SERRADA', 'EM', 'RIPAS']","[0, 0, 0, 0, 0, 0, 0]"
GUAJARA CAIBRO CURTO,"['GUAJARA', 'CAIBRO', 'CURTO']","[0, 0, 0]"
LOURO SERRADA EM SARRAFOS,"['LOURO', 'SERRADA', 'EM', 'SARRAFOS']","[0, 0, 0, 0]"
"VIGA MISTA (6,0X12) GUAJARA-BRANCO SERRADO","['VIGA', 'MISTA', '(6,0X12)', 'GUAJARA-BRANCO', 'SERRADO']","[0, 0, 0, 0, 0]"
LOURO-VERMELHO SERRADA CAIBRO-CAIBRINHO,"['LOURO-VERMELHO', 'SERRADA', 'CAIBRO-CAIBRINHO']","[0, 0, 0]"
PAPEL OFICIO SENNINHA VERDE,"['PAPEL', 'OFICIO', 'SENNINHA', 'VERDE']","[0, 0, 0, 0]"
"COMPENSADO 1.6 X 2.2 X 0,6 MM","['COMPENSADO', '1.6', 'X', '2.2', 'X', '0,6', 'MM']","[0, 0, 0, 0, 0, 0, 0]"
PORTA DIAGONAL TIMBORANA 80,"['PORTA', 'DIAGONAL', 'TIMBORANA', '80']","[0, 0, 0, 0]"
TABUAS DE PEQUIARANA - TAIPA,"['TABUAS', 'DE', 'PEQUIARANA', '-', 'TAIPA']","[0, 0, 0, 0, 0]"
VIGA DE CAMBARA 5X10 METRO CORRIDO,"['VIGA', 'DE', 'CAMBARA', '5X10', 'METRO', 'CORRIDO']","[0, 0, 0, 0, 0, 0]"
PRANCHA,['PRANCHA'],[0]
"LOURO VERMELHO 2,5CM","['LOURO', 'VERMELHO', '2,5CM']","[0, 0, 0]"
"MADEIRA EM TABUA DE FREIJO 4,00X0,30X3,50","['MADEIRA', 'EM', 'TABUA', 'DE', 'FREIJO', '4,00X0,30X3,50']","[0, 0, 0, 0, 0, 0]"
-MADEIRA SERRADA (PRANCHA) - DA ESPÉCIE - BREU,"['-MADEIRA', 'SERRADA', '(PRANCHA)', '-', 'DA', 'ESPÉCIE', '-', 'BREU']","[0, 0, 0, 0, 0, 0, 0, 0]"
GOIABAO SERRADO RIPAS,"['GOIABAO', 'SERRADO', 'RIPAS']","[0, 0, 0]"
MADEIRA SERRADA RIPA ( UXI ),"['MADEIRA', 'SERRADA', 'RIPA', '(', 'UXI', ')']","[0, 0, 0, 0, 0, 0]"
ANGELIM VERMELHO SARRAFOS,"['ANGELIM', 'VERMELHO', 'SARRAFOS']","[0, 0, 0]"
"MOURAO DE EUC. IMUNIZADO 4,0M - 18/20CM","['MOURAO', 'DE', 'EUC.', 'IMUNIZADO', '4,0M', '-', '18/20CM']","[0, 0, 0, 0, 0, 0, 0]"
LOURO PRETO SERRADO SARRAFOS 3 X 5,"['LOURO', 'PRETO', 'SERRADO', 'SARRAFOS', '3', 'X', '5']","[0, 0, 0, 0, 0, 0, 0]"
MADEIRA SERRADA EM RIPAS DA ESPECIE - TAXI,"['MADEIRA', 'SERRADA', 'EM', 'RIPAS', 'DA', 'ESPECIE', '-', 'TAXI']","[0, 0, 0, 0, 0, 0, 0, 0]"
MADEIRA SERR VIGA LOURO,"['MADEIRA', 'SERR', 'VIGA', 'LOURO']","[0, 0, 0, 0]"
"LINHA 3/6 7,50M","['LINHA', '3/6', '7,50M']","[0, 0, 0]"
MADEIRA SERRADA EM PRANCHAO DESDOBRADOS DA ESSENCIA JATOBA (HYMENAEA COURBARIL L.),"['MADEIRA', 'SERRADA', 'EM', 'PRANCHAO', 'DESDOBRADOS', 'DA', 'ESSENCIA', 'JATOBA', '(HYMENAEA', 'COURBARIL', 'L.)']","[0, 0, 0, 0, 0, 0, 0, 0, 0, 0, 0]"
"TABUA ANDIROBA 3,5","['TABUA', 'ANDIROBA', '3,5']","[0, 0, 0]"
"MADEIRA SERRADA TIPO PRANCHA, ESP. ANGELIM, HYMENOLOBIUM EXCELSUM DUCKE","['MADEIRA', 'SERRADA', 'TIPO', 'PRANCHA,', 'ESP.', 'ANGELIM,', 'HYMENOLOBIUM', 'EXCELSUM', 'DUCKE']","[0, 0, 0, 0, 0, 0, 0, 0, 0]"
TIMBORANA SERRADA (VIGA),"['TIMBORANA', 'SERRADA', '(VIGA)']","[0, 0, 0]"
PALITO DE DENTE FIAT LUX,"['PALITO', 'DE', 'DENTE', 'FIAT', 'LUX']","[0, 0, 0, 0, 0]"
"POSTE DE EUCALIPTO TRATADA 3,5 X 16 A 18 - EUCALPITO BARROTE","['POSTE', 'DE', 'EUCALIPTO', 'TRATADA', '3,5', 'X', '16', 'A', '18', '-', 'EUCALPITO', 'BARROTE']","[0, 0, 0, 0, 0, 0, 0, 0, 0, 0, 0, 0]"
PORTA LAMINADA,"['PORTA', 'LAMINADA']","[0, 0]"
MAD. ESP. ANG. VERMELHO INDUSTRIALIZADA DE RESIDUO (CAIBRINHO),"['MAD.', 'ESP.', 'ANG.', 'VERMELHO', 'INDUSTRIALIZADA', 'DE', 'RESIDUO', '(CAIBRINHO)']","[0, 0, 0, 0, 0, 0, 0, 0]"
"CAIBROS   144 DE 3,50MT","['CAIBROS', '144', 'DE', '3,50MT']","[0, 0, 0, 0]"
JATOBA SERRADO TABUAS,"['JATOBA', 'SERRADO', 'TABUAS']","[0, 0, 0]"
MADEIRA SERRADA EM CAIBRO DE JATOBA,"['MADEIRA', 'SERRADA', 'EM', 'CAIBRO', 'DE', 'JATOBA']","[0, 0, 0, 0, 0, 0]"
JANELA MADEIRA 100X80,"['JANELA', 'MADEIRA', '100X80']","[0, 0, 0]"
MADEIRA SERRADA DA ESPECIE MASSARANDUBA VIGAS,"['MADEIRA', 'SERRADA', 'DA', 'ESPECIE', 'MASSARANDUBA', 'VIGAS']","[0, 0, 0, 0, 0, 0]"
"LINHA MIX 5X10 2,5MT-MADEIRA","['LINHA', 'MIX', '5X10', '2,5MT-MADEIRA']","[0, 0, 0, 0]"
HYMENAEA COURBARIL L. JATOBÁ- 28-  VIGA,"['HYMENAEA', 'COURBARIL', 'L.', 'JATOBÁ-', '28-', 'VIGA']","[0, 0, 0, 0, 0, 0]"
TABUA MADEIRA MISTA,"['TABUA', 'MADEIRA', 'MISTA']","[0, 0, 0]"
CAIBRO MISTO GUAJARA MAD IND RES,"['CAIBRO', 'MISTO', 'GUAJARA', 'MAD', 'IND', 'RES']","[0, 0, 0, 0, 0, 0]"
MACARANDUBA - MADEIRA SER - SARRAFOS (CAIBRINHO),"['MACARANDUBA', '-', 'MADEIRA', 'SER', '-', 'SARRAFOS', '(CAIBRINHO)']","[0, 0, 0, 0, 0, 0, 0]"
TANIBUCA SERRADA CAIBRO-CAIBRINHO,"['TANIBUCA', 'SERRADA', 'CAIBRO-CAIBRINHO']","[0, 0, 0]"
QUARUBATINGA SERRADO EM VIGOTA,"['QUARUBATINGA', 'SERRADO', 'EM', 'VIGOTA']","[0, 0, 0, 0]"
PORTA VENEZIANA 2.10 X 80 CXD ANDIROBA,"['PORTA', 'VENEZIANA', '2.10', 'X', '80', 'CXD', 'ANDIROBA']","[0, 0, 0, 0, 0, 0, 0]"
MACARANDUBA MAD IND DE RESIDUO CAIBRINHO,"['MACARANDUBA', 'MAD', 'IND', 'DE', 'RESIDUO', 'CAIBRINHO']","[0, 0, 0, 0, 0, 0]"
LINHA MASSARANDUBA 5 X 12,"['LINHA', 'MASSARANDUBA', '5', 'X', '12']","[0, 0, 0, 0, 0]"
TAUARI SERR. TABUA,"['TAUARI', 'SERR.', 'TABUA']","[0, 0, 0]"
MADEIRA SERRADA NA ESPECIE ANGELIM VERMELHO- CAIBRO,"['MADEIRA', 'SERRADA', 'NA', 'ESPECIE', 'ANGELIM', 'VERMELHO-', 'CAIBRO']","[0, 0, 0, 0, 0, 0, 0]"
"PORTA MISTA 2,10X100M","['PORTA', 'MISTA', '2,10X100M']","[0, 0, 0]"
MADEIRA SERRADA PRANCHAO DESDOBRADO DE JATOBA,"['MADEIRA', 'SERRADA', 'PRANCHAO', 'DESDOBRADO', 'DE', 'JATOBA']","[0, 0, 0, 0, 0, 0]"
MADEIRA SERRADA EM VIGOTA DA ESSENCIA - GUARUBA-CEDRO,"['MADEIRA', 'SERRADA', 'EM', 'VIGOTA', 'DA', 'ESSENCIA', '-', 'GUARUBA-CEDRO']","[0, 0, 0, 0, 0, 0, 0, 0]"
CX PORTA JATOBA 15X70CM COMERC,"['CX', 'PORTA', 'JATOBA', '15X70CM', 'COMERC']","[0, 0, 0, 0, 0]"
MADEIRA SERRADA TIPO (PRANCHA) DA ESPECIE- TIMBORANA,"['MADEIRA', 'SERRADA', 'TIPO', '(PRANCHA)', 'DA', 'ESPECIE-', 'TIMBORANA']","[0, 0, 0, 0, 0, 0, 0]"
ARMADOR IPE,"['ARMADOR', 'IPE']","[0, 0]"
ESPATULA DE PAU,"['ESPATULA', 'DE', 'PAU']","[0, 0, 0]"
"LINHA 5X28 CM ANGELIM C/ 6,0 MT","['LINHA', '5X28', 'CM', 'ANGELIM', 'C/', '6,0', 'MT']","[0, 0, 0, 0, 0, 0, 0]"
MADEIRA SERRADA EM VIGA DA ESSENCIA - ANDIROBA,"['MADEIRA', 'SERRADA', 'EM', 'VIGA', 'DA', 'ESSENCIA', '-', 'ANDIROBA']","[0, 0, 0, 0, 0, 0, 0, 0]"
CUMARU SERRADO MAD.IND.DE RESIDUO CAIBRINHO,"['CUMARU', 'SERRADO', 'MAD.IND.DE', 'RESIDUO', 'CAIBRINHO']","[0, 0, 0, 0, 0]"
CASCA SECA SERRADA EM CAIBROS,"['CASCA', 'SECA', 'SERRADA', 'EM', 'CAIBROS']","[0, 0, 0, 0, 0]"
MUIRACATIARA MADEIRA SERRADA TÁBUA,"['MUIRACATIARA', 'MADEIRA', 'SERRADA', 'TÁBUA']","[0, 0, 0, 0]"
JATOBA SERRADA EM SARRAFO,"['JATOBA', 'SERRADA', 'EM', 'SARRAFO']","[0, 0, 0, 0]"
MADEIRA SERRADA CAIBRO  DA ESPECIE - TAXI,"['MADEIRA', 'SERRADA', 'CAIBRO', 'DA', 'ESPECIE', '-', 'TAXI']","[0, 0, 0, 0, 0, 0, 0]"
MADEIRA SERRADA EM VIGAS DA ESSENCIA JARANA(LECYTHIS POITEAUI O BERG),"['MADEIRA', 'SERRADA', 'EM', 'VIGAS', 'DA', 'ESSENCIA', 'JARANA(LECYTHIS', 'POITEAUI', 'O', 'BERG)']","[0, 0, 0, 0, 0, 0, 0, 0, 0, 0]"
CEDRINHO EM VIGA,"['CEDRINHO', 'EM', 'VIGA']","[0, 0, 0]"
GUAJARA SERRADO TABUAS,"['GUAJARA', 'SERRADO', 'TABUAS']","[0, 0, 0]"
CAIBRO MASS/ANG 2.5 METROS UN 1,"['CAIBRO', 'MASS/ANG', '2.5', 'METROS', 'UN', '1']","[0, 0, 0, 0, 0, 0]"
CAIXA BONECA CB101007FL 4-D,"['CAIXA', 'BONECA', 'CB101007FL', '4-D']","[0, 0, 0, 0]"
BREU-SUCURUBA MADEIRA SERRADA EM SARRAFOS,"['BREU-SUCURUBA', 'MADEIRA', 'SERRADA', 'EM', 'SARRAFOS']","[0, 0, 0, 0, 0]"
ABIU MADEIRA SERRADA CAIBRO,"['ABIU', 'MADEIRA', 'SERRADA', 'CAIBRO']","[0, 0, 0, 0]"
MADEIRA SERRADA DE EUCALIPTO BRUTA GRADE D,"['MADEIRA', 'SERRADA', 'DE', 'EUCALIPTO', 'BRUTA', 'GRADE', 'D']","[0, 0, 0, 0, 0, 0, 0]"
"LINHA (5X9) 4,00MT PEROBA ROSA","['LINHA', '(5X9)', '4,00MT', 'PEROBA', 'ROSA']","[0, 0, 0, 0, 0]"
CUPIUBA MADEIRA SERRADA EM APROV. CAIBRO(3X5),"['CUPIUBA', 'MADEIRA', 'SERRADA', 'EM', 'APROV.', 'CAIBRO(3X5)']","[0, 0, 0, 0, 0, 0]"
MADEIRA SERRADA EM SARRAFOS DA ESPECIE -,"['MADEIRA', 'SERRADA', 'EM', 'SARRAFOS', 'DA', 'ESPECIE', '-']","[0, 0, 0, 0, 0, 0, 0]"
"BARROTE 5X5 2,00MT","['BARROTE', '5X5', '2,00MT']","[0, 0, 0]"
MADEIRA SERRADA VIGA DE ROXINHO,"['MADEIRA', 'SERRADA', 'VIGA', 'DE', 'ROXINHO']","[0, 0, 0, 0, 0]"
"LINHA MASSA 5,0X15 3,5MT-MADEIRA","['LINHA', 'MASSA', '5,0X15', '3,5MT-MADEIRA']","[0, 0, 0, 0]"
CAIBRO IPE 3 5M,"['CAIBRO', 'IPE', '3', '5M']","[0, 0, 0, 0]"
"LINHA MASSA 5,0X15 6,0MT MADEIRA","['LINHA', 'MASSA', '5,0X15', '6,0MT', 'MADEIRA']","[0, 0, 0, 0, 0]"
TABUA MELHOR 30-MADEIRA,"['TABUA', 'MELHOR', '30-MADEIRA']","[0, 0, 0]"
LOURO TAMAQUARE MADEIRA SERRADA EM TABUA,"['LOURO', 'TAMAQUARE', 'MADEIRA', 'SERRADA', 'EM', 'TABUA']","[0, 0, 0, 0, 0, 0]"
MUIRACATIARA 27 - MADEIRA SERRADA (TABUA),"['MUIRACATIARA', '27', '-', 'MADEIRA', 'SERRADA', '(TABUA)']","[0, 0, 0, 0, 0, 0]"
MADEIRA SERRADA EM VIGOTAS DA ESSENCIA JATOBA (HYMENEAE COURBARIL L.),"['MADEIRA', 'SERRADA', 'EM', 'VIGOTAS', 'DA', 'ESSENCIA', 'JATOBA', '(HYMENEAE', 'COURBARIL', 'L.)']","[0, 0, 0, 0, 0, 0, 0, 0, 0, 0]"
IPÊ RIPA GUAJARA 5X1.0CM,"['IPÊ', 'RIPA', 'GUAJARA', '5X1.0CM']","[0, 0, 0, 0]"
ANGELIM-PEDRA MADEIRA SERRADA TAIPA,"['ANGELIM-PEDRA', 'MADEIRA', 'SERRADA', 'TAIPA']","[0, 0, 0, 0]"
BARROTE SERRADO EM RIPAS,"['BARROTE', 'SERRADO', 'EM', 'RIPAS']","[0, 0, 0, 0]"
"FRECHAL 5,00MT PEROBA ROSA","['FRECHAL', '5,00MT', 'PEROBA', 'ROSA']","[0, 0, 0, 0]"
TABUA MISTA 13 CM ML,"['TABUA', 'MISTA', '13', 'CM', 'ML']","[0, 0, 0, 0, 0]"
RIPA ANGILIM 1,"['RIPA', 'ANGILIM', '1']","[0, 0, 0]"
MADEIRA SERRADA EM PRANCHAS DA ESSENCIA MAÇARANDUBA (MANILKARA HUBERI (DUCKE) CHEVALIER),"['MADEIRA', 'SERRADA', 'EM', 'PRANCHAS', 'DA', 'ESSENCIA', 'MAÇARANDUBA', '(MANILKARA', 'HUBERI', '(DUCKE)', 'CHEVALIER)']","[0, 0, 0, 0, 0, 0, 0, 0, 0, 0, 0]"
MADEIRA SERRADA CAIBRO DE MARACATIARA,"['MADEIRA', 'SERRADA', 'CAIBRO', 'DE', 'MARACATIARA']","[0, 0, 0, 0, 0]"
SAFFARO (JATOBÁ),"['SAFFARO', '(JATOBÁ)']","[0, 0]"
TATAJUBA SERRADA EM SARRAFO,"['TATAJUBA', 'SERRADA', 'EM', 'SARRAFO']","[0, 0, 0, 0]"
CX DE PORTA 2.10X70X13,"['CX', 'DE', 'PORTA', '2.10X70X13']","[0, 0, 0, 0]"
"LINHA MACARANDUBA 5X11 8,0 MT","['LINHA', 'MACARANDUBA', '5X11', '8,0', 'MT']","[0, 0, 0, 0, 0]"
PORTA LAMBRI VENEZIANA 80CM,"['PORTA', 'LAMBRI', 'VENEZIANA', '80CM']","[0, 0, 0, 0]"
MADEIRA SERRADA EM PRANCHÃO DESDOBRADO DA ESPECIA - CEDRO,"['MADEIRA', 'SERRADA', 'EM', 'PRANCHÃO', 'DESDOBRADO', 'DA', 'ESPECIA', '-', 'CEDRO']","[0, 0, 0, 0, 0, 0, 0, 0, 0]"
MADEIRA SERRADA (PRANCHAO DESDOBRADO) DA ESPECIE FAVEIRA  VERMELHA - PARKIA OPPOSITIFOLIA SPRUCE EX BENTH.,"['MADEIRA', 'SERRADA', '(PRANCHAO', 'DESDOBRADO)', 'DA', 'ESPECIE', 'FAVEIRA', 'VERMELHA', '-', 'PARKIA', 'OPPOSITIFOLIA', 'SPRUCE', 'EX', 'BENTH.']","[0, 0, 0, 0, 0, 0, 0, 0, 0, 0, 0, 0, 0, 0]"
"MADEIRITE 5MM 2,20X1,10M RESINADO","['MADEIRITE', '5MM', '2,20X1,10M', 'RESINADO']","[0, 0, 0, 0]"
FORRA MASSARANDUBA 13CM .,"['FORRA', 'MASSARANDUBA', '13CM', '.']","[0, 0, 0, 0]"
LINHA MAD ANGELIM 5X24 6MT,"['LINHA', 'MAD', 'ANGELIM', '5X24', '6MT']","[0, 0, 0, 0, 0]"
"LOURO VERM SERRADO 2,5","['LOURO', 'VERM', 'SERRADO', '2,5']","[0, 0, 0, 0]"
MADEIRA SERRADA EM SARRAFOS NA ESPÉCIE ACAPURANA,"['MADEIRA', 'SERRADA', 'EM', 'SARRAFOS', 'NA', 'ESPÉCIE', 'ACAPURANA']","[0, 0, 0, 0, 0, 0, 0]"
BARROTE GUAJARA 1M,"['BARROTE', 'GUAJARA', '1M']","[0, 0, 0]"
PRANCHA DE ANGELIM-PEDRA,"['PRANCHA', 'DE', 'ANGELIM-PEDRA']","[0, 0, 0]"
"RIPA MASS 1,2 X 5CM - COM 2,00","['RIPA', 'MASS', '1,2', 'X', '5CM', '-', 'COM', '2,00']","[0, 0, 0, 0, 0, 0, 0, 0]"
MOLDURA OVAL PQ,"['MOLDURA', 'OVAL', 'PQ']","[0, 0, 0]"
MADEIRA SERRADA PRANCHA DA ESPECIE DE JATOBA,"['MADEIRA', 'SERRADA', 'PRANCHA', 'DA', 'ESPECIE', 'DE', 'JATOBA']","[0, 0, 0, 0, 0, 0, 0]"
MADEIRA SERRADA VIGA DE CAMBARA,"['MADEIRA', 'SERRADA', 'VIGA', 'DE', 'CAMBARA']","[0, 0, 0, 0, 0]"
MACARANDUBA MAD SERRADA VIGA 14,"['MACARANDUBA', 'MAD', 'SERRADA', 'VIGA', '14']","[0, 0, 0, 0, 0]"
PEQUIARANA - SERRADA EM TABUA ( TAIPA ),"['PEQUIARANA', '-', 'SERRADA', 'EM', 'TABUA', '(', 'TAIPA', ')']","[0, 0, 0, 0, 0, 0, 0, 0]"
"MADEIRA SERRADA EM TÁBUA (TAIPÁ ATÉ 2,5 CM) ESPÉCIE QUARUBA","['MADEIRA', 'SERRADA', 'EM', 'TÁBUA', '(TAIPÁ', 'ATÉ', '2,5', 'CM)', 'ESPÉCIE', 'QUARUBA']","[0, 0, 0, 0, 0, 0, 0, 0, 0, 0]"
ANDIROBA SERRADO CAIBRO,"['ANDIROBA', 'SERRADO', 'CAIBRO']","[0, 0, 0]"
RIPA MASSARANDUBA- MISTA,"['RIPA', 'MASSARANDUBA-', 'MISTA']","[0, 0, 0]"
MADEIRA TIPO TABUA P/ ANDAIME - CONSTRUCAO BEZERRA,"['MADEIRA', 'TIPO', 'TABUA', 'P/', 'ANDAIME', '-', 'CONSTRUCAO', 'BEZERRA']","[0, 0, 0, 0, 0, 0, 0, 0]"
QUINA MADEIRA SERRADA EM SARRAFOS,"['QUINA', 'MADEIRA', 'SERRADA', 'EM', 'SARRAFOS']","[0, 0, 0, 0, 0]"
"CAIXA DE PORTA JATOBA 2,10X0,80X0,1","['CAIXA', 'DE', 'PORTA', 'JATOBA', '2,10X0,80X0,1']","[0, 0, 0, 0, 0]"
PRANCHA 20CM MACARANDUBA 6M (1 UND),"['PRANCHA', '20CM', 'MACARANDUBA', '6M', '(1', 'UND)']","[0, 0, 0, 0, 0, 0]"
MADEIRA SERRADA EM TÁBUA DA ESSENCIA JATOBA (HYMENAEA COURBARIL L.),"['MADEIRA', 'SERRADA', 'EM', 'TÁBUA', 'DA', 'ESSENCIA', 'JATOBA', '(HYMENAEA', 'COURBARIL', 'L.)']","[0, 0, 0, 0, 0, 0, 0, 0, 0, 0]"
LINHA ANGELIM VERMELHO 6X13CM 3 00M,"['LINHA', 'ANGELIM', 'VERMELHO', '6X13CM', '3', '00M']","[0, 0, 0, 0, 0, 0]"
PORTA 570 CAFE C/ VIDRO CAPSULA P,"['PORTA', '570', 'CAFE', 'C/', 'VIDRO', 'CAPSULA', 'P']","[0, 0, 0, 0, 0, 0, 0]"
TAXI SERRADO EM TAIPA,"['TAXI', 'SERRADO', 'EM', 'TAIPA']","[0, 0, 0, 0]"
MADEIRA SERRADA EM SARRAFOS DA ESSENCIA -JATOBA,"['MADEIRA', 'SERRADA', 'EM', 'SARRAFOS', 'DA', 'ESSENCIA', '-JATOBA']","[0, 0, 0, 0, 0, 0, 0]"
MADEIRA SERRADA TIPO PRANCHA MELANCIEIRA ALEXA GRANDIFLORA DUCKE,"['MADEIRA', 'SERRADA', 'TIPO', 'PRANCHA', 'MELANCIEIRA', 'ALEXA', 'GRANDIFLORA', 'DUCKE']","[0, 0, 0, 0, 0, 0, 0, 0]"
MADEIRA EM QUADRADOS DA ESSENCIA MACARANDUBA(MANILKARA HUBERI(DUCKE)CHEVALIER),"['MADEIRA', 'EM', 'QUADRADOS', 'DA', 'ESSENCIA', 'MACARANDUBA(MANILKARA', 'HUBERI(DUCKE)CHEVALIER)']","[0, 0, 0, 0, 0, 0, 0]"
64 - COPAIBARANA MADEIRA SERRADO EM SARRAFO,"['64', '-', 'COPAIBARANA', 'MADEIRA', 'SERRADO', 'EM', 'SARRAFO']","[0, 0, 0, 0, 0, 0, 0]"
HYMENAEA COURBARIL L. VAR. COURBARIL - JATOBA-MADEIRA SERRADA-TABUA,"['HYMENAEA', 'COURBARIL', 'L.', 'VAR.', 'COURBARIL', '-', 'JATOBA-MADEIRA', 'SERRADA-TABUA']","[0, 0, 0, 0, 0, 0, 0, 0]"
CAIBRO MADEIRA GUAJARA,"['CAIBRO', 'MADEIRA', 'GUAJARA']","[0, 0, 0]"
LINHA ANGELIM 5X18CM 1.00MTS,"['LINHA', 'ANGELIM', '5X18CM', '1.00MTS']","[0, 0, 0, 0]"
"TABUA PINUS 30 X 3 CM C/ 3,00","['TABUA', 'PINUS', '30', 'X', '3', 'CM', 'C/', '3,00']","[0, 0, 0, 0, 0, 0, 0, 0]"
MADEIRA SERRADA TIPO PRACHOES ESP.MUIRACATIARA,"['MADEIRA', 'SERRADA', 'TIPO', 'PRACHOES', 'ESP.MUIRACATIARA']","[0, 0, 0, 0, 0]"
MADEIRA SERRADA (TABUA) DA ESPECIE JATOBA (HYMENAEA COURBARIL L.),"['MADEIRA', 'SERRADA', '(TABUA)', 'DA', 'ESPECIE', 'JATOBA', '(HYMENAEA', 'COURBARIL', 'L.)']","[0, 0, 0, 0, 0, 0, 0, 0, 0]"
"MADEIRA SERRADA EM TÁBUA (TAIPÁ ATÉ 2,5 CM) ESPÉCIE MARUPÁ","['MADEIRA', 'SERRADA', 'EM', 'TÁBUA', '(TAIPÁ', 'ATÉ', '2,5', 'CM)', 'ESPÉCIE', 'MARUPÁ']","[0, 0, 0, 0, 0, 0, 0, 0, 0, 0]"
CX - PORTAIS MACARANDUBA DESMONTADO,"['CX', '-', 'PORTAIS', 'MACARANDUBA', 'DESMONTADO']","[0, 0, 0, 0, 0]"
BENEFICIADO DIVERSOS BANCO,"['BENEFICIADO', 'DIVERSOS', 'BANCO']","[0, 0, 0]"
MADEIRA PEQUI VIGAS,"['MADEIRA', 'PEQUI', 'VIGAS']","[0, 0, 0]"
MADEIRA SERRADA EM CAIBROS DA ESSENCIA ANGELIM-VERMELHO (DINIZIA EXCELSA DUCKE),"['MADEIRA', 'SERRADA', 'EM', 'CAIBROS', 'DA', 'ESSENCIA', 'ANGELIM-VERMELHO', '(DINIZIA', 'EXCELSA', 'DUCKE)']","[0, 0, 0, 0, 0, 0, 0, 0, 0, 0]"
CAIBRO MISTO 5X6X1M,"['CAIBRO', 'MISTO', '5X6X1M']","[0, 0, 0]"
CASCAININHO,['CASCAININHO'],[0]
MADEIRA SERRADA PRANCHA DE CEDRINHO,"['MADEIRA', 'SERRADA', 'PRANCHA', 'DE', 'CEDRINHO']","[0, 0, 0, 0, 0]"
JATOBA SERR. SARRAFO,"['JATOBA', 'SERR.', 'SARRAFO']","[0, 0, 0]"
"CX DE PORTA CUPIUBA 0,80X2,10X0,13","['CX', 'DE', 'PORTA', 'CUPIUBA', '0,80X2,10X0,13']","[0, 0, 0, 0, 0]"
"LINHA MACARANDUBA 5X11 4,5 MT","['LINHA', 'MACARANDUBA', '5X11', '4,5', 'MT']","[0, 0, 0, 0, 0]"
LINHA CUPIUBA 5 X 20 DE 10.00,"['LINHA', 'CUPIUBA', '5', 'X', '20', 'DE', '10.00']","[0, 0, 0, 0, 0, 0, 0]"
"LINHA DE MADEIRA 5,5X14","['LINHA', 'DE', 'MADEIRA', '5,5X14']","[0, 0, 0, 0]"
LINHAS,['LINHAS'],[0]
MADEIRA SERRADA SARRAFOS DA ESPECIE BARROTE,"['MADEIRA', 'SERRADA', 'SARRAFOS', 'DA', 'ESPECIE', 'BARROTE']","[0, 0, 0, 0, 0, 0]"
PALITO PICOLE 100 UN BAMBU BILLA,"['PALITO', 'PICOLE', '100', 'UN', 'BAMBU', 'BILLA']","[0, 0, 0, 0, 0, 0]"
ANDIROBA MADEIRA SERRADA EM SARRAFOS,"['ANDIROBA', 'MADEIRA', 'SERRADA', 'EM', 'SARRAFOS']","[0, 0, 0, 0, 0]"
CAIBRO MADEIRA GUAJARA 1 50 A 2 50MT,"['CAIBRO', 'MADEIRA', 'GUAJARA', '1', '50', 'A', '2', '50MT']","[0, 0, 0, 0, 0, 0, 0, 0]"
ROXINHO SERRADO EM TABUA,"['ROXINHO', 'SERRADO', 'EM', 'TABUA']","[0, 0, 0, 0]"
"LINHA MASSA 5,0X10 6,5MT-MADEIRA","['LINHA', 'MASSA', '5,0X10', '6,5MT-MADEIRA']","[0, 0, 0, 0]"
"LINHA ANGELIM 5,0X18 3X8 7,50 ZANI","['LINHA', 'ANGELIM', '5,0X18', '3X8', '7,50', 'ZANI']","[0, 0, 0, 0, 0, 0]"
TENTO-AZUL SERRADO EM CAIBRO CURTO,"['TENTO-AZUL', 'SERRADO', 'EM', 'CAIBRO', 'CURTO']","[0, 0, 0, 0, 0]"
MADEIRA SERRADA CAIBRO LIBRA,"['MADEIRA', 'SERRADA', 'CAIBRO', 'LIBRA']","[0, 0, 0, 0]"
GUAJARA MAD. SERRADA EM TABUAS,"['GUAJARA', 'MAD.', 'SERRADA', 'EM', 'TABUAS']","[0, 0, 0, 0, 0]"
"FRECHAL ANGELIM 5X4 CM 6,00MT","['FRECHAL', 'ANGELIM', '5X4', 'CM', '6,00MT']","[0, 0, 0, 0, 0]"
MADEIRA TIPO SARRAFOS ESP.MACARANDUBA MANILKARA HUBERI (DUCKE) CHEVALIER,"['MADEIRA', 'TIPO', 'SARRAFOS', 'ESP.MACARANDUBA', 'MANILKARA', 'HUBERI', '(DUCKE)', 'CHEVALIER']","[0, 0, 0, 0, 0, 0, 0, 0]"
FRECHAL ANGELIN 5X4 7.5 MT,"['FRECHAL', 'ANGELIN', '5X4', '7.5', 'MT']","[0, 0, 0, 0, 0]"
MADEIRA SERRADA EM TABUAS DA ESSENCIA MARUPA(SIMAROUBA AMARA AUBL.),"['MADEIRA', 'SERRADA', 'EM', 'TABUAS', 'DA', 'ESSENCIA', 'MARUPA(SIMAROUBA', 'AMARA', 'AUBL.)']","[0, 0, 0, 0, 0, 0, 0, 0, 0]"
TELHA COLONIAL COR MARFIM 3.28X0.86,"['TELHA', 'COLONIAL', 'COR', 'MARFIM', '3.28X0.86']","[0, 0, 0, 0, 0]"
PORTA LAMINADA JATOBA 90X210 KDK,"['PORTA', 'LAMINADA', 'JATOBA', '90X210', 'KDK']","[0, 0, 0, 0, 0]"
MADEIRA SERRADA EM TABUA,"['MADEIRA', 'SERRADA', 'EM', 'TABUA']","[0, 0, 0, 0]"
"JANELAO 1,50X80 TIMBORANA","['JANELAO', '1,50X80', 'TIMBORANA']","[0, 0, 0]"
MAD.SERRADA MISTA VIGA 5CMX13CMX5M,"['MAD.SERRADA', 'MISTA', 'VIGA', '5CMX13CMX5M']","[0, 0, 0, 0]"
PORTA LAM SEMI OCA 70X2.10 SULINA,"['PORTA', 'LAM', 'SEMI', 'OCA', '70X2.10', 'SULINA']","[0, 0, 0, 0, 0, 0]"
"LINHA ANGELIM VERMELHO 5X11 6,5M","['LINHA', 'ANGELIM', 'VERMELHO', '5X11', '6,5M']","[0, 0, 0, 0, 0]"
MADEIRA SERRADA EM PRANCHA JATOBA,"['MADEIRA', 'SERRADA', 'EM', 'PRANCHA', 'JATOBA']","[0, 0, 0, 0, 0]"
JATOBA EM ALIZAR,"['JATOBA', 'EM', 'ALIZAR']","[0, 0, 0]"
"LINHA MACARANDUBA 5X29 6,0MT","['LINHA', 'MACARANDUBA', '5X29', '6,0MT']","[0, 0, 0, 0]"
"RIPA MIXTA 4,0MT-MADEIRA","['RIPA', 'MIXTA', '4,0MT-MADEIRA']","[0, 0, 0]"
BOBINA DE ALUMINIO P/CALHA 80CM,"['BOBINA', 'DE', 'ALUMINIO', 'P/CALHA', '80CM']","[0, 0, 0, 0, 0]"
MADEIRA MISTA,"['MADEIRA', 'MISTA']","[0, 0]"
TABUA PINUS 2 5X30CM C/ 3M,"['TABUA', 'PINUS', '2', '5X30CM', 'C/', '3M']","[0, 0, 0, 0, 0, 0]"
"FRECHAL MISTO SAO 1 FRECHAM DE 8,0MT","['FRECHAL', 'MISTO', 'SAO', '1', 'FRECHAM', 'DE', '8,0MT']","[0, 0, 0, 0, 0, 0, 0]"
GUAJARA - RIPAS,"['GUAJARA', '-', 'RIPAS']","[0, 0, 0]"
TRELIC MD 70X90C TEC,"['TRELIC', 'MD', '70X90C', 'TEC']","[0, 0, 0, 0]"
MADEIRA BENEFICIADA EM PORTAL DE MAPARAJUBA,"['MADEIRA', 'BENEFICIADA', 'EM', 'PORTAL', 'DE', 'MAPARAJUBA']","[0, 0, 0, 0, 0, 0]"
"CAIBRO DE EUCALIPTO 05 X 07 X 5,40M","['CAIBRO', 'DE', 'EUCALIPTO', '05', 'X', '07', 'X', '5,40M']","[0, 0, 0, 0, 0, 0, 0, 0]"
MADEIRA SERRADA MACARANDUBA (MANILKARA H. (DUCKE) CHEVALIER) RIPAS,"['MADEIRA', 'SERRADA', 'MACARANDUBA', '(MANILKARA', 'H.', '(DUCKE)', 'CHEVALIER)', 'RIPAS']","[0, 0, 0, 0, 0, 0, 0, 0]"
BARROTE SERRADO SARRAFOS 3 X 5,"['BARROTE', 'SERRADO', 'SARRAFOS', '3', 'X', '5']","[0, 0, 0, 0, 0, 0]"
MADEIRA SERRADA MAA ARANDUBA (RIPA),"['MADEIRA', 'SERRADA', 'MAA', 'ARANDUBA', '(RIPA)']","[0, 0, 0, 0, 0]"
CAIBRO 5MT,"['CAIBRO', '5MT']","[0, 0]"
PORTA DE ALMOF. HORIZ. 2.10 X 74 PINUS CXD,"['PORTA', 'DE', 'ALMOF.', 'HORIZ.', '2.10', 'X', '74', 'PINUS', 'CXD']","[0, 0, 0, 0, 0, 0, 0, 0, 0]"
"LINHA DE ANGELIM 5X9 C/ 3,5 MT","['LINHA', 'DE', 'ANGELIM', '5X9', 'C/', '3,5', 'MT']","[0, 0, 0, 0, 0, 0, 0]"
BARROTE - SERRADO EM VIGA,"['BARROTE', '-', 'SERRADO', 'EM', 'VIGA']","[0, 0, 0, 0, 0]"
LINHA P/PEDREIRO 100MT 1 FIO LISO LARANJ,"['LINHA', 'P/PEDREIRO', '100MT', '1', 'FIO', 'LISO', 'LARANJ']","[0, 0, 0, 0, 0, 0, 0]"
"LINHA MIX 3X8 6,0MT","['LINHA', 'MIX', '3X8', '6,0MT']","[0, 0, 0, 0]"
"LINHA MACARANDUBA 5X13 6,5 MT","['LINHA', 'MACARANDUBA', '5X13', '6,5', 'MT']","[0, 0, 0, 0, 0]"
"TABUA 13CM X 2,5CM ANGELIN VERMELHO","['TABUA', '13CM', 'X', '2,5CM', 'ANGELIN', 'VERMELHO']","[0, 0, 0, 0, 0, 0]"
"POSTE DE EUCALIPTO TRATADA 4,0 X 08 A 10 - EUCALPITO","['POSTE', 'DE', 'EUCALIPTO', 'TRATADA', '4,0', 'X', '08', 'A', '10', '-', 'EUCALPITO']","[0, 0, 0, 0, 0, 0, 0, 0, 0, 0, 0]"
MADEIRA SERRADA EM TÁBUAS NA ESPECIE MUIRACATIARA,"['MADEIRA', 'SERRADA', 'EM', 'TÁBUAS', 'NA', 'ESPECIE', 'MUIRACATIARA']","[0, 0, 0, 0, 0, 0, 0]"
ANDIROBA SERRADO EM TABUA,"['ANDIROBA', 'SERRADO', 'EM', 'TABUA']","[0, 0, 0, 0]"
"RIPAO JATOBA SERRADO EM SARRAFO 5,00CM X5 CM W2","['RIPAO', 'JATOBA', 'SERRADO', 'EM', 'SARRAFO', '5,00CM', 'X5', 'CM', 'W2']","[0, 0, 0, 0, 0, 0, 0, 0, 0]"
MADEIRA SERRADA EM BLOCOS NA ESPÉCIE ANGELIM-VERMELHO,"['MADEIRA', 'SERRADA', 'EM', 'BLOCOS', 'NA', 'ESPÉCIE', 'ANGELIM-VERMELHO']","[0, 0, 0, 0, 0, 0, 0]"
AMAPA AMARGOSO SER - TABUAS,"['AMAPA', 'AMARGOSO', 'SER', '-', 'TABUAS']","[0, 0, 0, 0, 0]"
TIRIBA - MADEIRA SERRADA EM VIGOTAS,"['TIRIBA', '-', 'MADEIRA', 'SERRADA', 'EM', 'VIGOTAS']","[0, 0, 0, 0, 0, 0]"
"SAPUCAIA SER - BLOCO, QUADRADO OU FILE","['SAPUCAIA', 'SER', '-', 'BLOCO,', 'QUADRADO', 'OU', 'FILE']","[0, 0, 0, 0, 0, 0, 0]"
UCUUBA SERRADA EM SARRAFOS,"['UCUUBA', 'SERRADA', 'EM', 'SARRAFOS']","[0, 0, 0, 0]"
CAIBRO MISTO DE 6.50,"['CAIBRO', 'MISTO', 'DE', '6.50']","[0, 0, 0, 0]"
RIPA GUAJARA VERM 1.2X5CM,"['RIPA', 'GUAJARA', 'VERM', '1.2X5CM']","[0, 0, 0, 0]"
SARRAFOS CASCA SECA,"['SARRAFOS', 'CASCA', 'SECA']","[0, 0, 0]"
CUPIUBA-GOUPIA GLABRA AUBL.-SERRADA EM RIPA,"['CUPIUBA-GOUPIA', 'GLABRA', 'AUBL.-SERRADA', 'EM', 'RIPA']","[0, 0, 0, 0, 0]"
"LINHA ANGELIM 5X13 4,5 MT","['LINHA', 'ANGELIM', '5X13', '4,5', 'MT']","[0, 0, 0, 0, 0]"
CARRIOLA 350 SEXTAVADO PEQUENO 30X12X12,"['CARRIOLA', '350', 'SEXTAVADO', 'PEQUENO', '30X12X12']","[0, 0, 0, 0, 0]"
PORTA LAMBRI DE ANDIROBA 2.10 X 80 CXD,"['PORTA', 'LAMBRI', 'DE', 'ANDIROBA', '2.10', 'X', '80', 'CXD']","[0, 0, 0, 0, 0, 0, 0, 0]"
LINHA 3X6 MADEIRA ANGELIM MT (5X13),"['LINHA', '3X6', 'MADEIRA', 'ANGELIM', 'MT', '(5X13)']","[0, 0, 0, 0, 0, 0]"
JATOBA MADEIRA SERRADA,"['JATOBA', 'MADEIRA', 'SERRADA']","[0, 0, 0]"
TIMBORANA SERRADA EM TABUA( CLASS 27),"['TIMBORANA', 'SERRADA', 'EM', 'TABUA(', 'CLASS', '27)']","[0, 0, 0, 0, 0, 0]"
JARAI MADEIRA SERRADA TABUA,"['JARAI', 'MADEIRA', 'SERRADA', 'TABUA']","[0, 0, 0, 0]"
"CX PORTA 0,80 X 12,5 X 2,10","['CX', 'PORTA', '0,80', 'X', '12,5', 'X', '2,10']","[0, 0, 0, 0, 0, 0, 0]"
MADEIRA SERRADA EM VIGA TAUARI,"['MADEIRA', 'SERRADA', 'EM', 'VIGA', 'TAUARI']","[0, 0, 0, 0, 0]"
"LINHA 5X11 DE ANGELIM C/ 6,5M","['LINHA', '5X11', 'DE', 'ANGELIM', 'C/', '6,5M']","[0, 0, 0, 0, 0, 0]"
ARARACANGA SERRADO EM VIGOTA,"['ARARACANGA', 'SERRADO', 'EM', 'VIGOTA']","[0, 0, 0, 0]"
MADEIRA SERRADA TIPO (PRANCHA) DA ESPÉCIE CUPIUBA,"['MADEIRA', 'SERRADA', 'TIPO', '(PRANCHA)', 'DA', 'ESPÉCIE', 'CUPIUBA']","[0, 0, 0, 0, 0, 0, 0]"
BOLSA DIVAS MADEMOISELLE - POLIESTER / TERM MARSAL,"['BOLSA', 'DIVAS', 'MADEMOISELLE', '-', 'POLIESTER', '/', 'TERM', 'MARSAL']","[0, 0, 0, 0, 0, 0, 0, 0]"
MADEIRA SERRADA EM PRANCHA DA ESSENCIA - JARANA,"['MADEIRA', 'SERRADA', 'EM', 'PRANCHA', 'DA', 'ESSENCIA', '-', 'JARANA']","[0, 0, 0, 0, 0, 0, 0, 0]"
IPEUBA SERRADAPRANCHA,"['IPEUBA', 'SERRADAPRANCHA']","[0, 0]"
"TAXI-PRETO SERRADA CAIBRO - 5,0X5,0 CM","['TAXI-PRETO', 'SERRADA', 'CAIBRO', '-', '5,0X5,0', 'CM']","[0, 0, 0, 0, 0, 0]"
PORTA LAMINADA 2.10 X 1.04,"['PORTA', 'LAMINADA', '2.10', 'X', '1.04']","[0, 0, 0, 0, 0]"
PRODUTO ACABADO - PORTAS DE CALHA - DA ESPECIE UXIRANA,"['PRODUTO', 'ACABADO', '-', 'PORTAS', 'DE', 'CALHA', '-', 'DA', 'ESPECIE', 'UXIRANA']","[0, 0, 0, 0, 0, 0, 0, 0, 0, 0]"
SARRAFO CUPIUBA,"['SARRAFO', 'CUPIUBA']","[0, 0]"
"GARAPEIRA 3,50 X 9,00 CAIBRO 1,50 MT","['GARAPEIRA', '3,50', 'X', '9,00', 'CAIBRO', '1,50', 'MT']","[0, 0, 0, 0, 0, 0, 0]"
LINHA 5X09 ANGELIM 7.00MT,"['LINHA', '5X09', 'ANGELIM', '7.00MT']","[0, 0, 0, 0]"
"MADEIRA SERRADA DO TIPO RIPA ESPECIE PEQUIA(1,2CMX5CM)","['MADEIRA', 'SERRADA', 'DO', 'TIPO', 'RIPA', 'ESPECIE', 'PEQUIA(1,2CMX5CM)']","[0, 0, 0, 0, 0, 0, 0]"
"CAIBRO ANGELIM 3X5 7,0MTS","['CAIBRO', 'ANGELIM', '3X5', '7,0MTS']","[0, 0, 0, 0]"
"ALIZAR MACARANDUBA 5 X 1CM C/ 5,40MT","['ALIZAR', 'MACARANDUBA', '5', 'X', '1CM', 'C/', '5,40MT']","[0, 0, 0, 0, 0, 0, 0]"
MELANCIEIRA SERRADA EM PRANCHAS,"['MELANCIEIRA', 'SERRADA', 'EM', 'PRANCHAS']","[0, 0, 0, 0]"
MADEIRA SERRADA (PRANCHA) DA ESPÉCIE - JATOBÁ,"['MADEIRA', 'SERRADA', '(PRANCHA)', 'DA', 'ESPÉCIE', '-', 'JATOBÁ']","[0, 0, 0, 0, 0, 0, 0]"
"PIQUIA 5,0 X 0,30 X 0,04","['PIQUIA', '5,0', 'X', '0,30', 'X', '0,04']","[0, 0, 0, 0, 0, 0]"
CAIBRO ANGELIM 5X3 CM,"['CAIBRO', 'ANGELIM', '5X3', 'CM']","[0, 0, 0, 0]"
TIMBORANA-PIPTADENIA SUAVEOLENS MIQ.-SERRADA EM SARRAFO,"['TIMBORANA-PIPTADENIA', 'SUAVEOLENS', 'MIQ.-SERRADA', 'EM', 'SARRAFO']","[0, 0, 0, 0, 0]"
"CAIBRO GUAJARA C/ 4,50 MTS UN 1","['CAIBRO', 'GUAJARA', 'C/', '4,50', 'MTS', 'UN', '1']","[0, 0, 0, 0, 0, 0, 0]"
"VIGA MISTA (6,0X12) CUPIUBA","['VIGA', 'MISTA', '(6,0X12)', 'CUPIUBA']","[0, 0, 0, 0]"
LOURO - TAMAQUARE - SERRADO EM VIGOTA,"['LOURO', '-', 'TAMAQUARE', '-', 'SERRADO', 'EM', 'VIGOTA']","[0, 0, 0, 0, 0, 0, 0]"
TABUA PARA CHURRASCO N/6 ALVES,"['TABUA', 'PARA', 'CHURRASCO', 'N/6', 'ALVES']","[0, 0, 0, 0, 0]"
MAO FRANCESA 60CM MISTA,"['MAO', 'FRANCESA', '60CM', 'MISTA']","[0, 0, 0, 0]"
"POSTE DE EUCALIPTO TRATADA 4,0 X 06 A 08 - EUCALPITO BARROTE","['POSTE', 'DE', 'EUCALIPTO', 'TRATADA', '4,0', 'X', '06', 'A', '08', '-', 'EUCALPITO', 'BARROTE']","[0, 0, 0, 0, 0, 0, 0, 0, 0, 0, 0, 0]"
APARADOR EM MADEIRA,"['APARADOR', 'EM', 'MADEIRA']","[0, 0, 0]"
MADEIRA SERRADA EM TABUA DA ESSENCIA - GUARUBA-CEDRO,"['MADEIRA', 'SERRADA', 'EM', 'TABUA', 'DA', 'ESSENCIA', '-', 'GUARUBA-CEDRO']","[0, 0, 0, 0, 0, 0, 0, 0]"
ANDIROBA SERRADA EM SARRAFO,"['ANDIROBA', 'SERRADA', 'EM', 'SARRAFO']","[0, 0, 0, 0]"
MADEIRA DE SUBPRODUTOS FLORESTAL PARA O USO FINAL TIPO PORTAL (ADUELAS) DA ESPECIE MAÇARANDUBA,"['MADEIRA', 'DE', 'SUBPRODUTOS', 'FLORESTAL', 'PARA', 'O', 'USO', 'FINAL', 'TIPO', 'PORTAL', '(ADUELAS)', 'DA', 'ESPECIE', 'MAÇARANDUBA']","[0, 0, 0, 0, 0, 0, 0, 0, 0, 0, 0, 0, 0, 0]"
PECAS MASSA. 2.10X10.2.5,"['PECAS', 'MASSA.', '2.10X10.2.5']","[0, 0, 0]"
LINHA MACARANDUBA 6X15CM,"['LINHA', 'MACARANDUBA', '6X15CM']","[0, 0, 0]"
"PRANCHA - ANGELIM-VERMELHO (DINIZIA EXCELSA) BRUTO, NORMAL, FAS, AD, MADEIRA SERRADA","['PRANCHA', '-', 'ANGELIM-VERMELHO', '(DINIZIA', 'EXCELSA)', 'BRUTO,', 'NORMAL,', 'FAS,', 'AD,', 'MADEIRA', 'SERRADA']","[0, 0, 0, 0, 0, 0, 0, 0, 0, 0, 0]"
"SERRADO TIPO VIGA 13CM X 5CM X 4,5M","['SERRADO', 'TIPO', 'VIGA', '13CM', 'X', '5CM', 'X', '4,5M']","[0, 0, 0, 0, 0, 0, 0, 0]"
MADEIRA SERRADA (TÁBUA) HYMENAEA COURBARIL L. - JATOBÁ,"['MADEIRA', 'SERRADA', '(TÁBUA)', 'HYMENAEA', 'COURBARIL', 'L.', '-', 'JATOBÁ']","[0, 0, 0, 0, 0, 0, 0, 0]"
MADEIRA SERRADA PRANCHAO DESD. TIMB./ PIP. SUAV.,"['MADEIRA', 'SERRADA', 'PRANCHAO', 'DESD.', 'TIMB./', 'PIP.', 'SUAV.']","[0, 0, 0, 0, 0, 0, 0]"
MADEIRA SERRADA (VIGOTA) DA ESPECIE TAUARI-VERMELHO (CARINIANA MICRANTHA DUCKE),"['MADEIRA', 'SERRADA', '(VIGOTA)', 'DA', 'ESPECIE', 'TAUARI-VERMELHO', '(CARINIANA', 'MICRANTHA', 'DUCKE)']","[0, 0, 0, 0, 0, 0, 0, 0, 0]"
"3727 - MADEIRA DE EUCALIPTO 0,25X0,25X6,00M RELORESTAMENTO","['3727', '-', 'MADEIRA', 'DE', 'EUCALIPTO', '0,25X0,25X6,00M', 'RELORESTAMENTO']","[0, 0, 0, 0, 0, 0, 0]"
CAIBRO MISTO 5X3.5,"['CAIBRO', 'MISTO', '5X3.5']","[0, 0, 0]"
"MADEIRA MISTA 06X06 2,5 MTS","['MADEIRA', 'MISTA', '06X06', '2,5', 'MTS']","[0, 0, 0, 0, 0]"
TABUA PEQUIA 2 2 X 20CM 5 5M,"['TABUA', 'PEQUIA', '2', '2', 'X', '20CM', '5', '5M']","[0, 0, 0, 0, 0, 0, 0, 0]"
PUXA SACO 141 ARTE FRANCESA,"['PUXA', 'SACO', '141', 'ARTE', 'FRANCESA']","[0, 0, 0, 0, 0]"
CACHEPO VAZADO 180X180MM EUCALIPTO STAIN JATOBA NA,"['CACHEPO', 'VAZADO', '180X180MM', 'EUCALIPTO', 'STAIN', 'JATOBA', 'NA']","[0, 0, 0, 0, 0, 0, 0]"
"LINHAS DE 6,5 METROS DE 12C","['LINHAS', 'DE', '6,5', 'METROS', 'DE', '12C']","[0, 0, 0, 0, 0, 0]"
"CAIBRO ANGELIM VERMELHO 3X5CM 5,00M","['CAIBRO', 'ANGELIM', 'VERMELHO', '3X5CM', '5,00M']","[0, 0, 0, 0, 0]"
MADEIRA SERRADA LOURO-VERMELHO EM TABUA,"['MADEIRA', 'SERRADA', 'LOURO-VERMELHO', 'EM', 'TABUA']","[0, 0, 0, 0, 0]"
ABIURANA MADEIRA SERRADA EM VIGA,"['ABIURANA', 'MADEIRA', 'SERRADA', 'EM', 'VIGA']","[0, 0, 0, 0, 0]"
VIGOTA MACARANDUBA 5X10X1,"['VIGOTA', 'MACARANDUBA', '5X10X1']","[0, 0, 0]"
"TABUA PINUS 13 X 2 CM C/ 3,00","['TABUA', 'PINUS', '13', 'X', '2', 'CM', 'C/', '3,00']","[0, 0, 0, 0, 0, 0, 0, 0]"
"MADEIRA SERRADA EM RIPA (MISTA) 1,2X5","['MADEIRA', 'SERRADA', 'EM', 'RIPA', '(MISTA)', '1,2X5']","[0, 0, 0, 0, 0, 0]"
"LINHA 5,5 X 10 CM 3X4","['LINHA', '5,5', 'X', '10', 'CM', '3X4']","[0, 0, 0, 0, 0, 0]"
MADEIRA SERRADA MACARANDUBA (MANILKARA HUBERI (DUCKE) CHEVALIER) TIPO SARRAFOS,"['MADEIRA', 'SERRADA', 'MACARANDUBA', '(MANILKARA', 'HUBERI', '(DUCKE)', 'CHEVALIER)', 'TIPO', 'SARRAFOS']","[0, 0, 0, 0, 0, 0, 0, 0, 0]"
ANANI DA TERRA FIRME SERRADO EM VIGA,"['ANANI', 'DA', 'TERRA', 'FIRME', 'SERRADO', 'EM', 'VIGA']","[0, 0, 0, 0, 0, 0, 0]"
COCO-PAU MADEIRA SERRADA EM VIGAS,"['COCO-PAU', 'MADEIRA', 'SERRADA', 'EM', 'VIGAS']","[0, 0, 0, 0, 0]"
"CAIBRO 6,0","['CAIBRO', '6,0']","[0, 0]"
SUCUPIRA SERRADAPRANCHA,"['SUCUPIRA', 'SERRADAPRANCHA']","[0, 0]"
ANGELIM AMARGOSO SERRADO EM TABUAS,"['ANGELIM', 'AMARGOSO', 'SERRADO', 'EM', 'TABUAS']","[0, 0, 0, 0, 0]"
"LINHA MIX 3X4 4,5MT MADEIRA","['LINHA', 'MIX', '3X4', '4,5MT', 'MADEIRA']","[0, 0, 0, 0, 0]"
MADEIRA BENEFICIADA PRODUTO ACABADO LAMBRIL DA ESPECIE DE JATOBA,"['MADEIRA', 'BENEFICIADA', 'PRODUTO', 'ACABADO', 'LAMBRIL', 'DA', 'ESPECIE', 'DE', 'JATOBA']","[0, 0, 0, 0, 0, 0, 0, 0, 0]"
"GARAPEIRA 3,50 X 9,00 CAIBRO 3,00 MT","['GARAPEIRA', '3,50', 'X', '9,00', 'CAIBRO', '3,00', 'MT']","[0, 0, 0, 0, 0, 0, 0]"
"LINHA ANGELIM VERMELHO 6X15CM 3,00M","['LINHA', 'ANGELIM', 'VERMELHO', '6X15CM', '3,00M']","[0, 0, 0, 0, 0]"
MADEIRA SERRADA NA ESPECIE MUIRACATIARA - TABUAS,"['MADEIRA', 'SERRADA', 'NA', 'ESPECIE', 'MUIRACATIARA', '-', 'TABUAS']","[0, 0, 0, 0, 0, 0, 0]"
MADEIRA SERRADA DA ESPECIE POPULAR CEDRORANA EM RIPA,"['MADEIRA', 'SERRADA', 'DA', 'ESPECIE', 'POPULAR', 'CEDRORANA', 'EM', 'RIPA']","[0, 0, 0, 0, 0, 0, 0, 0]"
ANDIROBA SERRADA EM CAIBRO,"['ANDIROBA', 'SERRADA', 'EM', 'CAIBRO']","[0, 0, 0, 0]"
TABUA DE PINUS 3MX25CM,"['TABUA', 'DE', 'PINUS', '3MX25CM']","[0, 0, 0, 0]"
LINHA 5X11 MISTA 7.0MT,"['LINHA', '5X11', 'MISTA', '7.0MT']","[0, 0, 0, 0]"
MADEIRA JATOBA SERRADA EM PRANCHA,"['MADEIRA', 'JATOBA', 'SERRADA', 'EM', 'PRANCHA']","[0, 0, 0, 0, 0]"
26 - BREU MADEIRA SERRADA EM CAIBRO,"['26', '-', 'BREU', 'MADEIRA', 'SERRADA', 'EM', 'CAIBRO']","[0, 0, 0, 0, 0, 0, 0]"
LINHA ANG. 5X11 (MT),"['LINHA', 'ANG.', '5X11', '(MT)']","[0, 0, 0, 0]"
ITAUBA SERRADO EM VIGOTA,"['ITAUBA', 'SERRADO', 'EM', 'VIGOTA']","[0, 0, 0, 0]"
S2S (RIPAS)  CUMARU,"['S2S', '(RIPAS)', 'CUMARU']","[0, 0, 0]"
MADEIRA DA ESPECIE MAPARAJUBA SERRADA EM SARRAFOS,"['MADEIRA', 'DA', 'ESPECIE', 'MAPARAJUBA', 'SERRADA', 'EM', 'SARRAFOS']","[0, 0, 0, 0, 0, 0, 0]"
JATOBA-HYMENAEA COURBARIL L.-SERRADA EM TABUA,"['JATOBA-HYMENAEA', 'COURBARIL', 'L.-SERRADA', 'EM', 'TABUA']","[0, 0, 0, 0, 0]"
MADEIRA SERRADA SARRAFO MANILKARA HUBERI,"['MADEIRA', 'SERRADA', 'SARRAFO', 'MANILKARA', 'HUBERI']","[0, 0, 0, 0, 0]"
MADEIRA SERRADA VIGA DA ESPECIE GUAJARA - BOLACHA,"['MADEIRA', 'SERRADA', 'VIGA', 'DA', 'ESPECIE', 'GUAJARA', '-', 'BOLACHA']","[0, 0, 0, 0, 0, 0, 0, 0]"
SARRAFO / MANILKARA HUBERI - MACARANDUBA,"['SARRAFO', '/', 'MANILKARA', 'HUBERI', '-', 'MACARANDUBA']","[0, 0, 0, 0, 0, 0]"
SARRAFO 2 5X7 5CM EM PINUS MISTA OU BRUTA,"['SARRAFO', '2', '5X7', '5CM', 'EM', 'PINUS', 'MISTA', 'OU', 'BRUTA']","[0, 0, 0, 0, 0, 0, 0, 0, 0]"
MADEIRA SERRADA EM VIGAS NA ESPECIE GUAJARÁ,"['MADEIRA', 'SERRADA', 'EM', 'VIGAS', 'NA', 'ESPECIE', 'GUAJARÁ']","[0, 0, 0, 0, 0, 0, 0]"
MADEIRA ANGELIN DIVERSAS BITOLA,"['MADEIRA', 'ANGELIN', 'DIVERSAS', 'BITOLA']","[0, 0, 0, 0]"
MADEIRA ANGELIM VERMELHO INDUSTRIALIZADA DE RESIDUO  ( CAIBRINHO ),"['MADEIRA', 'ANGELIM', 'VERMELHO', 'INDUSTRIALIZADA', 'DE', 'RESIDUO', '(', 'CAIBRINHO', ')']","[0, 0, 0, 0, 0, 0, 0, 0, 0]"
MADEIRA SERRADA EM PRANCHA - CAUCHO,"['MADEIRA', 'SERRADA', 'EM', 'PRANCHA', '-', 'CAUCHO']","[0, 0, 0, 0, 0, 0]"
MUIRACATIARA MADEIRA SERRADA PRANCHAO DESDOBRADO,"['MUIRACATIARA', 'MADEIRA', 'SERRADA', 'PRANCHAO', 'DESDOBRADO']","[0, 0, 0, 0, 0]"
ANDIROBA(CARAPA GUIANENSIS),"['ANDIROBA(CARAPA', 'GUIANENSIS)']","[0, 0]"
"LINHA ANGELIM 5X09 5,50MT","['LINHA', 'ANGELIM', '5X09', '5,50MT']","[0, 0, 0, 0]"
CAIBRO MASSARANDUBA 1.0 METROS,"['CAIBRO', 'MASSARANDUBA', '1.0', 'METROS']","[0, 0, 0, 0]"
CCHEOT MD VZDO 18X47C TEC,"['CCHEOT', 'MD', 'VZDO', '18X47C', 'TEC']","[0, 0, 0, 0, 0]"
"CAIBRO ANGELIM 5,5MT","['CAIBRO', 'ANGELIM', '5,5MT']","[0, 0, 0]"
MADEIRA SERRADA DA ESPECIE MANDIOQUEIRO TIPO VIGA,"['MADEIRA', 'SERRADA', 'DA', 'ESPECIE', 'MANDIOQUEIRO', 'TIPO', 'VIGA']","[0, 0, 0, 0, 0, 0, 0]"
CEDROARANA SERRADO EM RIPA,"['CEDROARANA', 'SERRADO', 'EM', 'RIPA']","[0, 0, 0, 0]"
MADEIRA SERRADA DE JATOBA DO TIPO SARRAFO - HYMENAEA COURBARIL L.,"['MADEIRA', 'SERRADA', 'DE', 'JATOBA', 'DO', 'TIPO', 'SARRAFO', '-', 'HYMENAEA', 'COURBARIL', 'L.']","[0, 0, 0, 0, 0, 0, 0, 0, 0, 0, 0]"
MADEIRA SERRADA TIPO SARRAFOS DA ESPÉCIE ANGELIM-VERMELHO - FSC 100% IMA-COC-160121,"['MADEIRA', 'SERRADA', 'TIPO', 'SARRAFOS', 'DA', 'ESPÉCIE', 'ANGELIM-VERMELHO', '-', 'FSC', '100%', 'IMA-COC-160121']","[0, 0, 0, 0, 0, 0, 0, 0, 0, 0, 0]"
LOURO PRODUTOS DO SERIDO 05G PCT. C/20 UND.,"['LOURO', 'PRODUTOS', 'DO', 'SERIDO', '05G', 'PCT.', 'C/20', 'UND.']","[0, 0, 0, 0, 0, 0, 0, 0]"
CAIBRO 4.00 MT,"['CAIBRO', '4.00', 'MT']","[0, 0, 0]"
"LINHA 5X18 DE ANGELIM C/ 2,0 M","['LINHA', '5X18', 'DE', 'ANGELIM', 'C/', '2,0', 'M']","[0, 0, 0, 0, 0, 0, 0]"
MADEIRA SERRADA TÁBUA DE ANDIROBA,"['MADEIRA', 'SERRADA', 'TÁBUA', 'DE', 'ANDIROBA']","[0, 0, 0, 0, 0]"
"(P) VIGA NAO APARELHADA *6X16* CM, EM MACARANDUBA-PADRAO","['(P)', 'VIGA', 'NAO', 'APARELHADA', '*6X16*', 'CM,', 'EM', 'MACARANDUBA-PADRAO']","[0, 0, 0, 0, 0, 0, 0, 0]"
TIMBORANA SERRADA SARRAFOS,"['TIMBORANA', 'SERRADA', 'SARRAFOS']","[0, 0, 0]"
MADEIRA SERRADA EM RIPAS DE JATOBA,"['MADEIRA', 'SERRADA', 'EM', 'RIPAS', 'DE', 'JATOBA']","[0, 0, 0, 0, 0, 0]"
PRODUTO ACABADO EM PORTAS DE CALHAS DA ESPECIE TAXI,"['PRODUTO', 'ACABADO', 'EM', 'PORTAS', 'DE', 'CALHAS', 'DA', 'ESPECIE', 'TAXI']","[0, 0, 0, 0, 0, 0, 0, 0, 0]"
MADEIRA SERRADA CAIBRO DA ESPECIE - ACAPURANA,"['MADEIRA', 'SERRADA', 'CAIBRO', 'DA', 'ESPECIE', '-', 'ACAPURANA']","[0, 0, 0, 0, 0, 0, 0]"
PORTA LAMBRIL ESTREITO 80X210 JATOBA,"['PORTA', 'LAMBRIL', 'ESTREITO', '80X210', 'JATOBA']","[0, 0, 0, 0, 0]"
"CAIBRO 2,00M(3X5)(0,0030M3)","['CAIBRO', '2,00M(3X5)(0,0030M3)']","[0, 0]"
MADEIRA SERRADA VIGA DA ESPECIE DE MACARANDUBA - MANILKARA HUBERI (DUCKE) CHEVALIER,"['MADEIRA', 'SERRADA', 'VIGA', 'DA', 'ESPECIE', 'DE', 'MACARANDUBA', '-', 'MANILKARA', 'HUBERI', '(DUCKE)', 'CHEVALIER']","[0, 0, 0, 0, 0, 0, 0, 0, 0, 0, 0, 0]"
MADEIRA SERRADA DA ESPECIE LOURO-VERMELHO TIPO TABUA,"['MADEIRA', 'SERRADA', 'DA', 'ESPECIE', 'LOURO-VERMELHO', 'TIPO', 'TABUA']","[0, 0, 0, 0, 0, 0, 0]"
BARROTE C/ 5.0MT - MISTO,"['BARROTE', 'C/', '5.0MT', '-', 'MISTO']","[0, 0, 0, 0, 0]"
DECK IPE,"['DECK', 'IPE']","[0, 0]"
MANILKARA PARAENSIS (HUBER) STANDL.- MAPARAJUBA- 64- SARRAFOS,"['MANILKARA', 'PARAENSIS', '(HUBER)', 'STANDL.-', 'MAPARAJUBA-', '64-', 'SARRAFOS']","[0, 0, 0, 0, 0, 0, 0]"
HYMENOLOBIUM PETRAEUM DUCKE- ANGELIM-PEDRA - 24 - PRANCHA,"['HYMENOLOBIUM', 'PETRAEUM', 'DUCKE-', 'ANGELIM-PEDRA', '-', '24', '-', 'PRANCHA']","[0, 0, 0, 0, 0, 0, 0, 0]"
ESQUADRIA TABICAO CX DUPLA JATOBA M2 1,"['ESQUADRIA', 'TABICAO', 'CX', 'DUPLA', 'JATOBA', 'M2', '1']","[0, 0, 0, 0, 0, 0, 0]"
MACARANDUBA MADEIRA SERR EM TABUA,"['MACARANDUBA', 'MADEIRA', 'SERR', 'EM', 'TABUA']","[0, 0, 0, 0, 0]"
"CAIBRO MACARANDUBA 2,5METROS","['CAIBRO', 'MACARANDUBA', '2,5METROS']","[0, 0, 0]"
"LINHA ANGELIM 5X18 5,0 MT","['LINHA', 'ANGELIM', '5X18', '5,0', 'MT']","[0, 0, 0, 0, 0]"
TANIBUCA SERRADA - VIGOTA,"['TANIBUCA', 'SERRADA', '-', 'VIGOTA']","[0, 0, 0, 0]"
MADEIRA SERRADA VIGOTA JATOBA,"['MADEIRA', 'SERRADA', 'VIGOTA', 'JATOBA']","[0, 0, 0, 0]"
CUMARU SERRADO MAD.IND.DE RESIDUO RIPA,"['CUMARU', 'SERRADO', 'MAD.IND.DE', 'RESIDUO', 'RIPA']","[0, 0, 0, 0, 0]"
PEQUIA SERRADO EM CAIBROS,"['PEQUIA', 'SERRADO', 'EM', 'CAIBROS']","[0, 0, 0, 0]"
MADEIRA SERRADA EM TÁBUA/TAIPÁ NA ESPECIE MUIRACOATIARA,"['MADEIRA', 'SERRADA', 'EM', 'TÁBUA/TAIPÁ', 'NA', 'ESPECIE', 'MUIRACOATIARA']","[0, 0, 0, 0, 0, 0, 0]"
MAPARAJUBA SERRADA VIGA,"['MAPARAJUBA', 'SERRADA', 'VIGA']","[0, 0, 0]"
PRANCHA ANDIROBA,"['PRANCHA', 'ANDIROBA']","[0, 0]"
MADEIRA SERRADA EM RIPAS DE BREU,"['MADEIRA', 'SERRADA', 'EM', 'RIPAS', 'DE', 'BREU']","[0, 0, 0, 0, 0, 0]"
"(02541) CAIBRO MACARANDUBA 3,5 ()","['(02541)', 'CAIBRO', 'MACARANDUBA', '3,5', '()']","[0, 0, 0, 0, 0]"
"LINHA MASSA 5,0X10 6,0MT","['LINHA', 'MASSA', '5,0X10', '6,0MT']","[0, 0, 0, 0]"
MADEIRA SERRADA - QUADRADO - ANGELIM-FERRO,"['MADEIRA', 'SERRADA', '-', 'QUADRADO', '-', 'ANGELIM-FERRO']","[0, 0, 0, 0, 0, 0]"
JANELA 1.00X1.00 LAMBRIM LOURO CANELA,"['JANELA', '1.00X1.00', 'LAMBRIM', 'LOURO', 'CANELA']","[0, 0, 0, 0, 0]"
TABUA / PRANCHA  ANDIROBA,"['TABUA', '/', 'PRANCHA', 'ANDIROBA']","[0, 0, 0, 0]"
"PRANCHAO DE MADEIRA  4,0CM X 30CM X 2,75M","['PRANCHAO', 'DE', 'MADEIRA', '4,0CM', 'X', '30CM', 'X', '2,75M']","[0, 0, 0, 0, 0, 0, 0, 0]"
TIMBORANA SERRADO EM SARRAFO,"['TIMBORANA', 'SERRADO', 'EM', 'SARRAFO']","[0, 0, 0, 0]"
MARACATIARA SERRADA TABUA,"['MARACATIARA', 'SERRADA', 'TABUA']","[0, 0, 0]"
"CAIXA DE PORTA MANT. 0,70X2,10","['CAIXA', 'DE', 'PORTA', 'MANT.', '0,70X2,10']","[0, 0, 0, 0, 0]"
"PORTA TIMB. LAMBRI 0,70 X 2,10","['PORTA', 'TIMB.', 'LAMBRI', '0,70', 'X', '2,10']","[0, 0, 0, 0, 0, 0]"
MELANCIEIRA MADEIRA SERRADA EM TABUA ( TAIPA ),"['MELANCIEIRA', 'MADEIRA', 'SERRADA', 'EM', 'TABUA', '(', 'TAIPA', ')']","[0, 0, 0, 0, 0, 0, 0, 0]"
"CAIXA DE PORTA 0,60X2,10 JATOBA","['CAIXA', 'DE', 'PORTA', '0,60X2,10', 'JATOBA']","[0, 0, 0, 0, 0]"
MAD. SERRADA TABUA (TAIPA)- TIMBORANA,"['MAD.', 'SERRADA', 'TABUA', '(TAIPA)-', 'TIMBORANA']","[0, 0, 0, 0, 0]"
"MADEIRA DE PINUS SARRAFO 0,25 X 0,50 X 2,70/3.00 MT","['MADEIRA', 'DE', 'PINUS', 'SARRAFO', '0,25', 'X', '0,50', 'X', '2,70/3.00', 'MT']","[0, 0, 0, 0, 0, 0, 0, 0, 0, 0]"
MANILKARA HUBERI (DUCKE) CHEVALIER - MAÇARANDUBA-24-VIGA,"['MANILKARA', 'HUBERI', '(DUCKE)', 'CHEVALIER', '-', 'MAÇARANDUBA-24-VIGA']","[0, 0, 0, 0, 0, 0]"
"BARROTE MACARAND 5 X 5,5","['BARROTE', 'MACARAND', '5', 'X', '5,5']","[0, 0, 0, 0, 0]"
CX DE PORTA ANGELIM PEDRA DESMONTADA,"['CX', 'DE', 'PORTA', 'ANGELIM', 'PEDRA', 'DESMONTADA']","[0, 0, 0, 0, 0, 0]"
RIPA MISTA ANANI-DA-TERRA-FIRME SERRADO,"['RIPA', 'MISTA', 'ANANI-DA-TERRA-FIRME', 'SERRADO']","[0, 0, 0, 0]"
"LINHA PEROBA ROSA 5X18 4,5M","['LINHA', 'PEROBA', 'ROSA', '5X18', '4,5M']","[0, 0, 0, 0, 0]"
UXIRANA SERRADA EM VIGAS,"['UXIRANA', 'SERRADA', 'EM', 'VIGAS']","[0, 0, 0, 0]"
LINHA 5X13 ANGELIM 2.0MT,"['LINHA', '5X13', 'ANGELIM', '2.0MT']","[0, 0, 0, 0]"
CAIBRO 5X3 GUAJARA 4.50MT,"['CAIBRO', '5X3', 'GUAJARA', '4.50MT']","[0, 0, 0, 0]"
LINHA MISTA 3 8 - MT,"['LINHA', 'MISTA', '3', '8', '-', 'MT']","[0, 0, 0, 0, 0, 0]"
MACARANDUBA MADEIRA EM RIPA,"['MACARANDUBA', 'MADEIRA', 'EM', 'RIPA']","[0, 0, 0, 0]"
GUAJARA MAD.INS. DE RESIDUO CAIBRINHO,"['GUAJARA', 'MAD.INS.', 'DE', 'RESIDUO', 'CAIBRINHO']","[0, 0, 0, 0, 0]"
"JANELA DE VIDRO 0,80X0,80","['JANELA', 'DE', 'VIDRO', '0,80X0,80']","[0, 0, 0, 0]"
MADEIRA SERRADA EM TÁBUAS/TAIPÁ NA ESPECIE ITAÚBA,"['MADEIRA', 'SERRADA', 'EM', 'TÁBUAS/TAIPÁ', 'NA', 'ESPECIE', 'ITAÚBA']","[0, 0, 0, 0, 0, 0, 0]"
JANELA 1 00X1 20CX DUPLA ANDIROBA,"['JANELA', '1', '00X1', '20CX', 'DUPLA', 'ANDIROBA']","[0, 0, 0, 0, 0, 0]"
HYMENAEA COURBARIL L. JATOBÁ- 27- TÁBUA (TAIPA),"['HYMENAEA', 'COURBARIL', 'L.', 'JATOBÁ-', '27-', 'TÁBUA', '(TAIPA)']","[0, 0, 0, 0, 0, 0, 0]"
TIMBORANA SERRADA EM CAIBRO,"['TIMBORANA', 'SERRADA', 'EM', 'CAIBRO']","[0, 0, 0, 0]"
PRODUTO ACABADO - PORTAS DE CALHA - DA ESPECIE PEQUIRANA,"['PRODUTO', 'ACABADO', '-', 'PORTAS', 'DE', 'CALHA', '-', 'DA', 'ESPECIE', 'PEQUIRANA']","[0, 0, 0, 0, 0, 0, 0, 0, 0, 0]"
MADEIRA SERRADA EM VIGA DA ESPECIE - CASCA SECA,"['MADEIRA', 'SERRADA', 'EM', 'VIGA', 'DA', 'ESPECIE', '-', 'CASCA', 'SECA']","[0, 0, 0, 0, 0, 0, 0, 0, 0]"
IPE SERRADO EM SARRAFO,"['IPE', 'SERRADO', 'EM', 'SARRAFO']","[0, 0, 0, 0]"
CAIBRO SERRADO MST CASCA SECA,"['CAIBRO', 'SERRADO', 'MST', 'CASCA', 'SECA']","[0, 0, 0, 0, 0]"
TABUA MIX 14CM,"['TABUA', 'MIX', '14CM']","[0, 0, 0]"
MADEIRITO 10,"['MADEIRITO', '10']","[0, 0]"
"CAIBRO MISTO 6CM 4,5CM 3M","['CAIBRO', 'MISTO', '6CM', '4,5CM', '3M']","[0, 0, 0, 0, 0]"
PRODUTO ACABADO DE MADEIRA BENEFICIADA DA ESPECIE POPULAR BREU EM PORTAIS/ADUELAS,"['PRODUTO', 'ACABADO', 'DE', 'MADEIRA', 'BENEFICIADA', 'DA', 'ESPECIE', 'POPULAR', 'BREU', 'EM', 'PORTAIS/ADUELAS']","[0, 0, 0, 0, 0, 0, 0, 0, 0, 0, 0]"
RESIDUO PARA APROVEITAMENTO INDUSTRIAL CAIBRO DE MACARANDUBA,"['RESIDUO', 'PARA', 'APROVEITAMENTO', 'INDUSTRIAL', 'CAIBRO', 'DE', 'MACARANDUBA']","[0, 0, 0, 0, 0, 0, 0]"
"MOURAO DE EUC. IMUNIZADO 3,0 14-16CM","['MOURAO', 'DE', 'EUC.', 'IMUNIZADO', '3,0', '14-16CM']","[0, 0, 0, 0, 0, 0]"
MADEIRA SERRADA EM VIGA DA ESPECIE - MACARANDUBA,"['MADEIRA', 'SERRADA', 'EM', 'VIGA', 'DA', 'ESPECIE', '-', 'MACARANDUBA']","[0, 0, 0, 0, 0, 0, 0, 0]"
GUAJARA MADEIRA SERRADA TABUA,"['GUAJARA', 'MADEIRA', 'SERRADA', 'TABUA']","[0, 0, 0, 0]"
MESA DE MADEIRA CEDRO 100 X 80,"['MESA', 'DE', 'MADEIRA', 'CEDRO', '100', 'X', '80']","[0, 0, 0, 0, 0, 0, 0]"
MADEIRA SERRADA EM RIPAS DA ESSENCIA - ANGELIM VERMELHO,"['MADEIRA', 'SERRADA', 'EM', 'RIPAS', 'DA', 'ESSENCIA', '-', 'ANGELIM', 'VERMELHO']","[0, 0, 0, 0, 0, 0, 0, 0, 0]"
MADEIRA SERRADA TIPO RIPAS DA ESPECIE ANGELIM,"['MADEIRA', 'SERRADA', 'TIPO', 'RIPAS', 'DA', 'ESPECIE', 'ANGELIM']","[0, 0, 0, 0, 0, 0, 0]"
MADEIRA SERRADA EM TABUAS DA ESSENCIA CANELAO (OCOTEA PUBERULA (RICH.) NEES),"['MADEIRA', 'SERRADA', 'EM', 'TABUAS', 'DA', 'ESSENCIA', 'CANELAO', '(OCOTEA', 'PUBERULA', '(RICH.)', 'NEES)']","[0, 0, 0, 0, 0, 0, 0, 0, 0, 0, 0]"
JATOBA PRODUTO ACABADO - PORTAL/ADUELA,"['JATOBA', 'PRODUTO', 'ACABADO', '-', 'PORTAL/ADUELA']","[0, 0, 0, 0, 0]"
FRECHAL 5.4,"['FRECHAL', '5.4']","[0, 0]"
LINHA ANGELIM VER. 5 X 11 3.5,"['LINHA', 'ANGELIM', 'VER.', '5', 'X', '11', '3.5']","[0, 0, 0, 0, 0, 0, 0]"
MADEIRA SERRADA EM VIGOTA ESP ANGELIM VERMELHO,"['MADEIRA', 'SERRADA', 'EM', 'VIGOTA', 'ESP', 'ANGELIM', 'VERMELHO']","[0, 0, 0, 0, 0, 0, 0]"
"LINHA MASS 7,5 X 12 - 2,50","['LINHA', 'MASS', '7,5', 'X', '12', '-', '2,50']","[0, 0, 0, 0, 0, 0, 0]"
MADEIRA SERRADA EM TÁBUAS NA ESPÉCIE ANDIROBA,"['MADEIRA', 'SERRADA', 'EM', 'TÁBUAS', 'NA', 'ESPÉCIE', 'ANDIROBA']","[0, 0, 0, 0, 0, 0, 0]"
PORTA DIAGONAL 80X210MTTIMB POST ALMOF,"['PORTA', 'DIAGONAL', '80X210MTTIMB', 'POST', 'ALMOF']","[0, 0, 0, 0, 0]"
MESA DE JATOBA 6 CADEIRAS,"['MESA', 'DE', 'JATOBA', '6', 'CADEIRAS']","[0, 0, 0, 0, 0]"
MOURAO 12X12CM MASSARANDUBA,"['MOURAO', '12X12CM', 'MASSARANDUBA']","[0, 0, 0]"
CARYOCAR VILLOSUM (AUBL.) PERS. - PEQUIÁ- 27- TÁBUA (TAIPA),"['CARYOCAR', 'VILLOSUM', '(AUBL.)', 'PERS.', '-', 'PEQUIÁ-', '27-', 'TÁBUA', '(TAIPA)']","[0, 0, 0, 0, 0, 0, 0, 0, 0]"
"CAIBRO MASSA 3,0MT-MADEIRA","['CAIBRO', 'MASSA', '3,0MT-MADEIRA']","[0, 0, 0]"
MAD. SERRADA VIGA - JATOBA,"['MAD.', 'SERRADA', 'VIGA', '-', 'JATOBA']","[0, 0, 0, 0, 0]"
CAIXA 448 COSTURA LISA,"['CAIXA', '448', 'COSTURA', 'LISA']","[0, 0, 0, 0]"
BANDEJA MIGALHEIRO NFE: 48 DT: 26/03/2019,"['BANDEJA', 'MIGALHEIRO', 'NFE:', '48', 'DT:', '26/03/2019']","[0, 0, 0, 0, 0, 0]"
LOURO SERRADO EM PRANCHAS,"['LOURO', 'SERRADO', 'EM', 'PRANCHAS']","[0, 0, 0, 0]"
MADEIRA BENEFICIADA EM (PISOS E ASSOALHOS) DA ESSENCIA - FAVA,"['MADEIRA', 'BENEFICIADA', 'EM', '(PISOS', 'E', 'ASSOALHOS)', 'DA', 'ESSENCIA', '-', 'FAVA']","[0, 0, 0, 0, 0, 0, 0, 0, 0, 0]"
"MADEIRITE PLASTIFICADO 1,10 X 2,20 11MM ( ATENCAO AVARIADOS)","['MADEIRITE', 'PLASTIFICADO', '1,10', 'X', '2,20', '11MM', '(', 'ATENCAO', 'AVARIADOS)']","[0, 0, 0, 0, 0, 0, 0, 0, 0]"
"SERRADO TIPO VIGA 13CM X 5CM X 2,5M","['SERRADO', 'TIPO', 'VIGA', '13CM', 'X', '5CM', 'X', '2,5M']","[0, 0, 0, 0, 0, 0, 0, 0]"
ANG VERMELHO SERRADO RIPAS,"['ANG', 'VERMELHO', 'SERRADO', 'RIPAS']","[0, 0, 0, 0]"
MADEIRA SERRADA VIGA DE BAJAO,"['MADEIRA', 'SERRADA', 'VIGA', 'DE', 'BAJAO']","[0, 0, 0, 0, 0]"
LINHA DE MADEIRA 3 X 5,"['LINHA', 'DE', 'MADEIRA', '3', 'X', '5']","[0, 0, 0, 0, 0, 0]"
DECKIN COMERCIAL,"['DECKIN', 'COMERCIAL']","[0, 0]"
"MOURAO DE EUC. IMUNIZADO 9,0M 20CM","['MOURAO', 'DE', 'EUC.', 'IMUNIZADO', '9,0M', '20CM']","[0, 0, 0, 0, 0, 0]"
ANGELIM VERMELHO SERRADO RIPAS,"['ANGELIM', 'VERMELHO', 'SERRADO', 'RIPAS']","[0, 0, 0, 0]"
"FRECHAL MASS 4,5 X 5CM - 5,50","['FRECHAL', 'MASS', '4,5', 'X', '5CM', '-', '5,50']","[0, 0, 0, 0, 0, 0, 0]"
LAJOTA,['LAJOTA'],[0]
MADEIRA SERRADA EM RIPAS DA ESSENCIA ANGELIM (HYMENOLOBIUM PETRAEUM DUCKE ),"['MADEIRA', 'SERRADA', 'EM', 'RIPAS', 'DA', 'ESSENCIA', 'ANGELIM', '(HYMENOLOBIUM', 'PETRAEUM', 'DUCKE', ')']","[0, 0, 0, 0, 0, 0, 0, 0, 0, 0, 0]"
CX PORTA DESMONTADA JATOBA,"['CX', 'PORTA', 'DESMONTADA', 'JATOBA']","[0, 0, 0, 0]"
MADEIRA DA ESPECIE ANGELIM-PEDRA (HYNEMOLOBIUM HETEROCARPUM DUCKE),"['MADEIRA', 'DA', 'ESPECIE', 'ANGELIM-PEDRA', '(HYNEMOLOBIUM', 'HETEROCARPUM', 'DUCKE)']","[0, 0, 0, 0, 0, 0, 0]"
JARAI MADEIRA SERRADA VIGA,"['JARAI', 'MADEIRA', 'SERRADA', 'VIGA']","[0, 0, 0, 0]"
QUARUBARANA SERR.PRANCHA(RUIZTERANIA ALBIFLORA MARCANO-BERTI),"['QUARUBARANA', 'SERR.PRANCHA(RUIZTERANIA', 'ALBIFLORA', 'MARCANO-BERTI)']","[0, 0, 0, 0]"
HYMENAEA COURBARIL L.- JATOBÁ- 27- TABUA,"['HYMENAEA', 'COURBARIL', 'L.-', 'JATOBÁ-', '27-', 'TABUA']","[0, 0, 0, 0, 0, 0]"
"CAIBRO MIXTO 1,5MT","['CAIBRO', 'MIXTO', '1,5MT']","[0, 0, 0]"
ANGELIM-VERMELHO SERRADO - VIGAS,"['ANGELIM-VERMELHO', 'SERRADO', '-', 'VIGAS']","[0, 0, 0, 0]"
ANGELIM VERMELHO SERRADO TIPO SARRAFO,"['ANGELIM', 'VERMELHO', 'SERRADO', 'TIPO', 'SARRAFO']","[0, 0, 0, 0, 0]"
QUARUBARANA SERRADA CAIBRO -CAIBRINHO,"['QUARUBARANA', 'SERRADA', 'CAIBRO', '-CAIBRINHO']","[0, 0, 0, 0]"
"LINHA MADEIRA 5X10CM X2,50M","['LINHA', 'MADEIRA', '5X10CM', 'X2,50M']","[0, 0, 0, 0]"
LINHA 6X15 MACARANDUBA,"['LINHA', '6X15', 'MACARANDUBA']","[0, 0, 0]"
ANGELIM - MADEIRA SERRADA EM SARRAFOS,"['ANGELIM', '-', 'MADEIRA', 'SERRADA', 'EM', 'SARRAFOS']","[0, 0, 0, 0, 0, 0]"
"GARAPEIRA 10,00 X 10,00 QUADRADO 1,50 MT","['GARAPEIRA', '10,00', 'X', '10,00', 'QUADRADO', '1,50', 'MT']","[0, 0, 0, 0, 0, 0, 0]"
MADEIRA SERRADA EM VIGA DA ESSENCIA SAPUCARANA ( TAPIRIRA GUIANENSIS AUBL.),"['MADEIRA', 'SERRADA', 'EM', 'VIGA', 'DA', 'ESSENCIA', 'SAPUCARANA', '(', 'TAPIRIRA', 'GUIANENSIS', 'AUBL.)']","[0, 0, 0, 0, 0, 0, 0, 0, 0, 0, 0]"
PRODUTO ACABADO EM PORTAIS DA ESPECIE ( HYMENAEA COURBARIL L.) JATOBA,"['PRODUTO', 'ACABADO', 'EM', 'PORTAIS', 'DA', 'ESPECIE', '(', 'HYMENAEA', 'COURBARIL', 'L.)', 'JATOBA']","[0, 0, 0, 0, 0, 0, 0, 0, 0, 0, 0]"
LINHA ANGELIM 3/8 22 METROS,"['LINHA', 'ANGELIM', '3/8', '22', 'METROS']","[0, 0, 0, 0, 0]"
RIPA MISTA MAPARAJUBA SERRADA,"['RIPA', 'MISTA', 'MAPARAJUBA', 'SERRADA']","[0, 0, 0, 0]"
TAXI SERRADO TABUAS,"['TAXI', 'SERRADO', 'TABUAS']","[0, 0, 0]"
"TABUA TACHI 3,5X13CM","['TABUA', 'TACHI', '3,5X13CM']","[0, 0, 0]"
LINHA 5X12CM MASSAR,"['LINHA', '5X12CM', 'MASSAR']","[0, 0, 0]"
MADEIRA SER. VIGOTA JATOBA ( HYMENAEA COURBARIL. ),"['MADEIRA', 'SER.', 'VIGOTA', 'JATOBA', '(', 'HYMENAEA', 'COURBARIL.', ')']","[0, 0, 0, 0, 0, 0, 0, 0]"
TIMBORANA SERRADA EM TABUAS,"['TIMBORANA', 'SERRADA', 'EM', 'TABUAS']","[0, 0, 0, 0]"
MADEIRA SERRADA EM VIGA DA ESPECIE QUARUBA-ROSA - VOCHYSIA SURINAMENSIS STAFLEU,"['MADEIRA', 'SERRADA', 'EM', 'VIGA', 'DA', 'ESPECIE', 'QUARUBA-ROSA', '-', 'VOCHYSIA', 'SURINAMENSIS', 'STAFLEU']","[0, 0, 0, 0, 0, 0, 0, 0, 0, 0, 0]"
"PEQUI (ESP. 6,5CM) LARG.  0,70CM - TABUADO","['PEQUI', '(ESP.', '6,5CM)', 'LARG.', '0,70CM', '-', 'TABUADO']","[0, 0, 0, 0, 0, 0, 0]"
MADEIRA SERRADA EM TABUA DA ESSENCIA JAT,"['MADEIRA', 'SERRADA', 'EM', 'TABUA', 'DA', 'ESSENCIA', 'JAT']","[0, 0, 0, 0, 0, 0, 0]"
MADEIRA SERRADA LOURO (TABUA),"['MADEIRA', 'SERRADA', 'LOURO', '(TABUA)']","[0, 0, 0, 0]"
MADEIRA SERRADA  (TÁBUA)- DA ESPÉCIE - ANDIROBA,"['MADEIRA', 'SERRADA', '(TÁBUA)-', 'DA', 'ESPÉCIE', '-', 'ANDIROBA']","[0, 0, 0, 0, 0, 0, 0]"
ROXINHO SERRADO EM 3.5CM,"['ROXINHO', 'SERRADO', 'EM', '3.5CM']","[0, 0, 0, 0]"
QUARUBATINGA MADEIRA SERRADA RIPA,"['QUARUBATINGA', 'MADEIRA', 'SERRADA', 'RIPA']","[0, 0, 0, 0]"
MADEIRAS SERRADA ANGELIM VERMELHO VIGA,"['MADEIRAS', 'SERRADA', 'ANGELIM', 'VERMELHO', 'VIGA']","[0, 0, 0, 0, 0]"
"CX DE PORTA 0,80X0,13CM MONTADA #","['CX', 'DE', 'PORTA', '0,80X0,13CM', 'MONTADA', '#']","[0, 0, 0, 0, 0, 0]"
LINHA JARANA 5 X 11 DE 6.50M,"['LINHA', 'JARANA', '5', 'X', '11', 'DE', '6.50M']","[0, 0, 0, 0, 0, 0, 0]"
RIPA MADEIRA,"['RIPA', 'MADEIRA']","[0, 0]"
ANGELIM-PEDRA SERRADO EM RIPAS,"['ANGELIM-PEDRA', 'SERRADO', 'EM', 'RIPAS']","[0, 0, 0, 0]"
MADEIRA SERRADA TIPO RIPAS DA ESPECIE MAÇARANDUBA,"['MADEIRA', 'SERRADA', 'TIPO', 'RIPAS', 'DA', 'ESPECIE', 'MAÇARANDUBA']","[0, 0, 0, 0, 0, 0, 0]"
MADEIRA SERRADA (VIGA) / MANILKARA HUBERI - MAA AR,"['MADEIRA', 'SERRADA', '(VIGA)', '/', 'MANILKARA', 'HUBERI', '-', 'MAA', 'AR']","[0, 0, 0, 0, 0, 0, 0, 0, 0]"
LAMINA DE PORTA 2.10X0.60 UN 1,"['LAMINA', 'DE', 'PORTA', '2.10X0.60', 'UN', '1']","[0, 0, 0, 0, 0, 0]"
PRANCHA ANGELIM AMARGOSO,"['PRANCHA', 'ANGELIM', 'AMARGOSO']","[0, 0, 0]"
MANDIOQUEIRA PRETA SERR. VIGA,"['MANDIOQUEIRA', 'PRETA', 'SERR.', 'VIGA']","[0, 0, 0, 0]"
MADEIRA SERRADA CAIBRO DE SUCUPIRA PRETA,"['MADEIRA', 'SERRADA', 'CAIBRO', 'DE', 'SUCUPIRA', 'PRETA']","[0, 0, 0, 0, 0, 0]"
TANIBUCA SERRADA EM SARRAFO(CLASS.64) 508,"['TANIBUCA', 'SERRADA', 'EM', 'SARRAFO(CLASS.64)', '508']","[0, 0, 0, 0, 0]"
ANGELIM AMARGOSO - PISOS E ASSOALHOS,"['ANGELIM', 'AMARGOSO', '-', 'PISOS', 'E', 'ASSOALHOS']","[0, 0, 0, 0, 0, 0]"
"LINHA (5X9) 4,50MT ANGELIM","['LINHA', '(5X9)', '4,50MT', 'ANGELIM']","[0, 0, 0, 0]"
TRAVESSA DA CAMA 70X1390X20,"['TRAVESSA', 'DA', 'CAMA', '70X1390X20']","[0, 0, 0, 0]"
ANGELIM VERMELHO SARRAFO,"['ANGELIM', 'VERMELHO', 'SARRAFO']","[0, 0, 0]"
MADEIRA IND. DE RESIDUOS (CAIBRINHOS),"['MADEIRA', 'IND.', 'DE', 'RESIDUOS', '(CAIBRINHOS)']","[0, 0, 0, 0, 0]"
"LINHA CUPIUBA - 5 X 12 X 4,00 MT","['LINHA', 'CUPIUBA', '-', '5', 'X', '12', 'X', '4,00', 'MT']","[0, 0, 0, 0, 0, 0, 0, 0, 0]"
PRODUTO ACABADO EM PORTAIS SEM ALISARES DA ESSENCIA MACARANDUBA (MANILKARA HUBERI (DUCKE) CHEVALLIER),"['PRODUTO', 'ACABADO', 'EM', 'PORTAIS', 'SEM', 'ALISARES', 'DA', 'ESSENCIA', 'MACARANDUBA', '(MANILKARA', 'HUBERI', '(DUCKE)', 'CHEVALLIER)']","[0, 0, 0, 0, 0, 0, 0, 0, 0, 0, 0, 0, 0]"
MADEIRA SERRADA EM CAIBRO CURTO NA ESPÉCIE MAÇARANDUBA,"['MADEIRA', 'SERRADA', 'EM', 'CAIBRO', 'CURTO', 'NA', 'ESPÉCIE', 'MAÇARANDUBA']","[0, 0, 0, 0, 0, 0, 0, 0]"
ANGELIM PEDRA SERRADO EM PRANCHAO DESDOBRADO,"['ANGELIM', 'PEDRA', 'SERRADO', 'EM', 'PRANCHAO', 'DESDOBRADO']","[0, 0, 0, 0, 0, 0]"
MADEIRA SERRADA EM SARRAFO DE UCUUBARANA,"['MADEIRA', 'SERRADA', 'EM', 'SARRAFO', 'DE', 'UCUUBARANA']","[0, 0, 0, 0, 0, 0]"
"LINHA ANGELIM 5X29 6,0 MT","['LINHA', 'ANGELIM', '5X29', '6,0', 'MT']","[0, 0, 0, 0, 0]"
"TABUA PEQUIA 2,2 X 39CM 6,5M","['TABUA', 'PEQUIA', '2,2', 'X', '39CM', '6,5M']","[0, 0, 0, 0, 0, 0]"
LOURO SERRADA EM TABUA,"['LOURO', 'SERRADA', 'EM', 'TABUA']","[0, 0, 0, 0]"
LOURO VERMELHO SERRADO EM VIGOTA,"['LOURO', 'VERMELHO', 'SERRADO', 'EM', 'VIGOTA']","[0, 0, 0, 0, 0]"
ERVA E COND.LOURO 10G,"['ERVA', 'E', 'COND.LOURO', '10G']","[0, 0, 0, 0]"
MANILKARA EXCELSA (DUCKE) STANDL- MAÇARANDUBA- 24- PRANCHA,"['MANILKARA', 'EXCELSA', '(DUCKE)', 'STANDL-', 'MAÇARANDUBA-', '24-', 'PRANCHA']","[0, 0, 0, 0, 0, 0, 0]"
LOURO-FAIA SERRADA EM SARRAFO,"['LOURO-FAIA', 'SERRADA', 'EM', 'SARRAFO']","[0, 0, 0, 0]"
QUARUBA-CEDRO SERRADA EM CAIBRO,"['QUARUBA-CEDRO', 'SERRADA', 'EM', 'CAIBRO']","[0, 0, 0, 0]"
GUARUBA-CEDRO MADEIRA SERR EM TABUA,"['GUARUBA-CEDRO', 'MADEIRA', 'SERR', 'EM', 'TABUA']","[0, 0, 0, 0, 0]"
MADEIRA SERRADA EM TABUA DA ESSENCIA MUIRACATIARA ( ASTRONIUM ULEI MATTICK),"['MADEIRA', 'SERRADA', 'EM', 'TABUA', 'DA', 'ESSENCIA', 'MUIRACATIARA', '(', 'ASTRONIUM', 'ULEI', 'MATTICK)']","[0, 0, 0, 0, 0, 0, 0, 0, 0, 0, 0]"
PLACA MADEIRA 25CM LARG(SETA E NOME DESVIO),"['PLACA', 'MADEIRA', '25CM', 'LARG(SETA', 'E', 'NOME', 'DESVIO)']","[0, 0, 0, 0, 0, 0, 0]"
MADEIRA SERRADA DE JATOBA -TIPO: VIGA,"['MADEIRA', 'SERRADA', 'DE', 'JATOBA', '-TIPO:', 'VIGA']","[0, 0, 0, 0, 0, 0]"
MADEIRA BENEFICIADA TATAJUBA,"['MADEIRA', 'BENEFICIADA', 'TATAJUBA']","[0, 0, 0]"
PEQUIARANA MADEIRA SERRADA TABUA,"['PEQUIARANA', 'MADEIRA', 'SERRADA', 'TABUA']","[0, 0, 0, 0]"
MAPARAJUBA - SARRAFO,"['MAPARAJUBA', '-', 'SARRAFO']","[0, 0, 0]"
PORTA DE FICHA ROLADA OU INTEIRA,"['PORTA', 'DE', 'FICHA', 'ROLADA', 'OU', 'INTEIRA']","[0, 0, 0, 0, 0, 0]"
MADEIRA SERRADA EM CAIBRO DA ESSÊNCIA - ANGELIM-VERMELHO,"['MADEIRA', 'SERRADA', 'EM', 'CAIBRO', 'DA', 'ESSÊNCIA', '-', 'ANGELIM-VERMELHO']","[0, 0, 0, 0, 0, 0, 0, 0]"
"VISOR TABICAO 0,40X0,60CM","['VISOR', 'TABICAO', '0,40X0,60CM']","[0, 0, 0]"
MATAMATA-CI SERRADO EM VIGAS,"['MATAMATA-CI', 'SERRADO', 'EM', 'VIGAS']","[0, 0, 0, 0]"
LINHAS 3.5,"['LINHAS', '3.5']","[0, 0]"
SARRAFO 10X3CM PINUS,"['SARRAFO', '10X3CM', 'PINUS']","[0, 0, 0]"
"CAIBRO DE 2,5 METROS","['CAIBRO', 'DE', '2,5', 'METROS']","[0, 0, 0, 0]"
TANIBUCA SERR. RIPAS,"['TANIBUCA', 'SERR.', 'RIPAS']","[0, 0, 0]"
JATOBA 24 - MADEIRA SERRADA APL. 2 FACES (S2S),"['JATOBA', '24', '-', 'MADEIRA', 'SERRADA', 'APL.', '2', 'FACES', '(S2S)']","[0, 0, 0, 0, 0, 0, 0, 0, 0]"
"PRANCHA - ANGELIM-PEDRA (HYMENOLOBIUM PETRAEUM) BRUTO, NORMAL, FAS, AD, .","['PRANCHA', '-', 'ANGELIM-PEDRA', '(HYMENOLOBIUM', 'PETRAEUM)', 'BRUTO,', 'NORMAL,', 'FAS,', 'AD,', '.']","[0, 0, 0, 0, 0, 0, 0, 0, 0, 0]"
CAIBRO ANGELIM VERMELHO 7 0M,"['CAIBRO', 'ANGELIM', 'VERMELHO', '7', '0M']","[0, 0, 0, 0, 0]"
TRIO FORRO PE DE SERRA,"['TRIO', 'FORRO', 'PE', 'DE', 'SERRA']","[0, 0, 0, 0, 0]"
ROXINHO SERRADO TABUA,"['ROXINHO', 'SERRADO', 'TABUA']","[0, 0, 0]"
"SANDUICHE MASS 11 - 2,50","['SANDUICHE', 'MASS', '11', '-', '2,50']","[0, 0, 0, 0, 0]"
ANGELIM VERM.MAD.INDUST.DE RESDUO RIPA,"['ANGELIM', 'VERM.MAD.INDUST.DE', 'RESDUO', 'RIPA']","[0, 0, 0, 0]"
LINHA ANGELIM VERMELHO 5X11 4 5M,"['LINHA', 'ANGELIM', 'VERMELHO', '5X11', '4', '5M']","[0, 0, 0, 0, 0, 0]"
MADEIRA DA ESPECIE BREU SERRADA EM VIGA,"['MADEIRA', 'DA', 'ESPECIE', 'BREU', 'SERRADA', 'EM', 'VIGA']","[0, 0, 0, 0, 0, 0, 0]"
LINHA CUPIUBA 5 X 14 DE 6.00,"['LINHA', 'CUPIUBA', '5', 'X', '14', 'DE', '6.00']","[0, 0, 0, 0, 0, 0, 0]"
PORTA LAMINADA 2.10 X 70 PINUS CXD,"['PORTA', 'LAMINADA', '2.10', 'X', '70', 'PINUS', 'CXD']","[0, 0, 0, 0, 0, 0, 0]"
ORELHA DE NEGRO SERRADA EM VIGOTA,"['ORELHA', 'DE', 'NEGRO', 'SERRADA', 'EM', 'VIGOTA']","[0, 0, 0, 0, 0, 0]"
- MADEIRA SERRADA (PRANCHA) - DA ESPCIE - MAÇARA,"['-', 'MADEIRA', 'SERRADA', '(PRANCHA)', '-', 'DA', 'ESPCIE', '-', 'MAÇARA']","[0, 0, 0, 0, 0, 0, 0, 0, 0]"
PALITO CHURRASCO 50UND BAMBU BILLA,"['PALITO', 'CHURRASCO', '50UND', 'BAMBU', 'BILLA']","[0, 0, 0, 0, 0]"
UXI MADEIRA SERRADA EM RIPAS,"['UXI', 'MADEIRA', 'SERRADA', 'EM', 'RIPAS']","[0, 0, 0, 0, 0]"
PORTA LONDRES + EXUBERANCE 2.10 1.10 PINUS,"['PORTA', 'LONDRES', '+', 'EXUBERANCE', '2.10', '1.10', 'PINUS']","[0, 0, 0, 0, 0, 0, 0]"
"LINHA ANGELIM VERMELHO 5X9 3,5M","['LINHA', 'ANGELIM', 'VERMELHO', '5X9', '3,5M']","[0, 0, 0, 0, 0]"
MAPARAJUBA SERRADA EM RIPA,"['MAPARAJUBA', 'SERRADA', 'EM', 'RIPA']","[0, 0, 0, 0]"
MADEIRA SERRADA NA ESPECIE GUAJARA - RIPAS,"['MADEIRA', 'SERRADA', 'NA', 'ESPECIE', 'GUAJARA', '-', 'RIPAS']","[0, 0, 0, 0, 0, 0, 0]"
LINHA 5X11 ANGELIN,"['LINHA', '5X11', 'ANGELIN']","[0, 0, 0]"
MADEIRA SERRADA EM SARRAFOS DA ESSENCIA - TIMBORANA,"['MADEIRA', 'SERRADA', 'EM', 'SARRAFOS', 'DA', 'ESSENCIA', '-', 'TIMBORANA']","[0, 0, 0, 0, 0, 0, 0, 0]"
DINIZIA EXCELSA - FAVEIRA-FERRO - VIGOTA,"['DINIZIA', 'EXCELSA', '-', 'FAVEIRA-FERRO', '-', 'VIGOTA']","[0, 0, 0, 0, 0, 0]"
"RIPA MASSARANDUBA 5,0MT MADEIRA","['RIPA', 'MASSARANDUBA', '5,0MT', 'MADEIRA']","[0, 0, 0, 0]"
"MOURAO DE EUC. IMUNIZADO 6X8 3,0","['MOURAO', 'DE', 'EUC.', 'IMUNIZADO', '6X8', '3,0']","[0, 0, 0, 0, 0, 0]"
"TABUAS ESP BAJAO PARKIA PARAENSIS DUCKE 2,5X10/12/20/25/30","['TABUAS', 'ESP', 'BAJAO', 'PARKIA', 'PARAENSIS', 'DUCKE', '2,5X10/12/20/25/30']","[0, 0, 0, 0, 0, 0, 0]"
"CAIBRO MIXTO 2,0MT","['CAIBRO', 'MIXTO', '2,0MT']","[0, 0, 0]"
JATOBA MADEIRA SERRADA EM RIPAS,"['JATOBA', 'MADEIRA', 'SERRADA', 'EM', 'RIPAS']","[0, 0, 0, 0, 0]"
"CAIXA DE PORTA MISTA 0,70X2,10","['CAIXA', 'DE', 'PORTA', 'MISTA', '0,70X2,10']","[0, 0, 0, 0, 0]"
PECAS DE ALISAR DE MADEIRA JATOBA,"['PECAS', 'DE', 'ALISAR', 'DE', 'MADEIRA', 'JATOBA']","[0, 0, 0, 0, 0, 0]"
MADEIRA SERRADA NA ESPECIE SUMAUMA- TABUA,"['MADEIRA', 'SERRADA', 'NA', 'ESPECIE', 'SUMAUMA-', 'TABUA']","[0, 0, 0, 0, 0, 0]"
PORTA 2.10X0.80 CX DUPLA ANDIROBA UN 1,"['PORTA', '2.10X0.80', 'CX', 'DUPLA', 'ANDIROBA', 'UN', '1']","[0, 0, 0, 0, 0, 0, 0]"
"FRECHAL ANGELIM 5X5 5,0MT","['FRECHAL', 'ANGELIM', '5X5', '5,0MT']","[0, 0, 0, 0]"
MADEIRA SERRADA VIGA DA ESPECIE DE MIRINDIBA - BUCHENAVIA CAPITATA (VAHL) EICHLE,"['MADEIRA', 'SERRADA', 'VIGA', 'DA', 'ESPECIE', 'DE', 'MIRINDIBA', '-', 'BUCHENAVIA', 'CAPITATA', '(VAHL)', 'EICHLE']","[0, 0, 0, 0, 0, 0, 0, 0, 0, 0, 0, 0]"
"CAIXA CX01186 24,5X15X7,5 C/ 9-D. DOBR.","['CAIXA', 'CX01186', '24,5X15X7,5', 'C/', '9-D.', 'DOBR.']","[0, 0, 0, 0, 0, 0]"
ANGELIN PEDRA SERRADO PRANCHAO,"['ANGELIN', 'PEDRA', 'SERRADO', 'PRANCHAO']","[0, 0, 0, 0]"
TUBO 40CM,"['TUBO', '40CM']","[0, 0]"
MADEIRA SERRADA EM VIGAS NA ESPÉCIE JARANA,"['MADEIRA', 'SERRADA', 'EM', 'VIGAS', 'NA', 'ESPÉCIE', 'JARANA']","[0, 0, 0, 0, 0, 0, 0]"
BARROTE MADEIRA SERRADO CAIBRINHO 3X5,"['BARROTE', 'MADEIRA', 'SERRADO', 'CAIBRINHO', '3X5']","[0, 0, 0, 0, 0]"
"ESTEIO ANGELIM 15 X 15 - 1,00 METRO","['ESTEIO', 'ANGELIM', '15', 'X', '15', '-', '1,00', 'METRO']","[0, 0, 0, 0, 0, 0, 0, 0]"
MADEIRA MACARANDUBA SERRADA EM VIGA,"['MADEIRA', 'MACARANDUBA', 'SERRADA', 'EM', 'VIGA']","[0, 0, 0, 0, 0]"
MANILKARA HUBERI (DUCKE) CHEVALIER- MAÇARANDUBA - 29 - VIGOTA,"['MANILKARA', 'HUBERI', '(DUCKE)', 'CHEVALIER-', 'MAÇARANDUBA', '-', '29', '-', 'VIGOTA']","[0, 0, 0, 0, 0, 0, 0, 0, 0]"
"BARROTE 5X6 5,00MT","['BARROTE', '5X6', '5,00MT']","[0, 0, 0]"
ORELHA DE MACACO SERRADO EM CAIBRO(CAIBRINHO),"['ORELHA', 'DE', 'MACACO', 'SERRADO', 'EM', 'CAIBRO(CAIBRINHO)']","[0, 0, 0, 0, 0, 0]"
S2S (VIGAS) BARROTE,"['S2S', '(VIGAS)', 'BARROTE']","[0, 0, 0]"
MADEIRA SERRADA TABUA - OITICICA,"['MADEIRA', 'SERRADA', 'TABUA', '-', 'OITICICA']","[0, 0, 0, 0, 0]"
MADEIRA SERRADA MORCEGUEIRA (RIPAS),"['MADEIRA', 'SERRADA', 'MORCEGUEIRA', '(RIPAS)']","[0, 0, 0, 0]"
MADEIRA SERRADA UXI (CAIBRINHO),"['MADEIRA', 'SERRADA', 'UXI', '(CAIBRINHO)']","[0, 0, 0, 0]"
LINHA MASSARANDUBA 5X10CM,"['LINHA', 'MASSARANDUBA', '5X10CM']","[0, 0, 0]"
"RIPA MIXTA 2,0MT X1,2CM -MADEIRA","['RIPA', 'MIXTA', '2,0MT', 'X1,2CM', '-MADEIRA']","[0, 0, 0, 0, 0]"
"LINHA 3X4 5,5MT ANGELIM","['LINHA', '3X4', '5,5MT', 'ANGELIM']","[0, 0, 0, 0]"
MADEIRA BENEFICIADA (DECKING) COMERCIAL DA ESPECIE QUARUBA,"['MADEIRA', 'BENEFICIADA', '(DECKING)', 'COMERCIAL', 'DA', 'ESPECIE', 'QUARUBA']","[0, 0, 0, 0, 0, 0, 0]"
"LINHA MISTA 5X11 2,0 MT","['LINHA', 'MISTA', '5X11', '2,0', 'MT']","[0, 0, 0, 0, 0]"
MADEIRA SERRADA (RIPA) GOUPIA GLABRA CUPIUBA,"['MADEIRA', 'SERRADA', '(RIPA)', 'GOUPIA', 'GLABRA', 'CUPIUBA']","[0, 0, 0, 0, 0, 0]"
"BATENTE S/ REBAIXO 3,50 X 11,00 X 2,10","['BATENTE', 'S/', 'REBAIXO', '3,50', 'X', '11,00', 'X', '2,10']","[0, 0, 0, 0, 0, 0, 0, 0]"
PORTA FICHADA 2.10X60,"['PORTA', 'FICHADA', '2.10X60']","[0, 0, 0]"
ANGELIN VERMELHO (RIPAS),"['ANGELIN', 'VERMELHO', '(RIPAS)']","[0, 0, 0]"
BANCO DE MADEIRA 1 METRO,"['BANCO', 'DE', 'MADEIRA', '1', 'METRO']","[0, 0, 0, 0, 0]"
QUARUBARANA MADEIRA SERR EM CAIBRO,"['QUARUBARANA', 'MADEIRA', 'SERR', 'EM', 'CAIBRO']","[0, 0, 0, 0, 0]"
URUCURANA MADEIRA SERRADA EM VIGAS,"['URUCURANA', 'MADEIRA', 'SERRADA', 'EM', 'VIGAS']","[0, 0, 0, 0, 0]"
"LINHA 5X6 ANGELIM 3,00MT","['LINHA', '5X6', 'ANGELIM', '3,00MT']","[0, 0, 0, 0]"
MADEIRA SERRADA DA ESPECIE FAVA-ORELHA-DE-MACACO TIPO TABUA(TAIPA),"['MADEIRA', 'SERRADA', 'DA', 'ESPECIE', 'FAVA-ORELHA-DE-MACACO', 'TIPO', 'TABUA(TAIPA)']","[0, 0, 0, 0, 0, 0, 0]"
"LINHA 5X11 DE ANGELIM C/ 4,5M","['LINHA', '5X11', 'DE', 'ANGELIM', 'C/', '4,5M']","[0, 0, 0, 0, 0, 0]"
"LINHA DE ANGELIM 5X9 C/ 5,0 MT","['LINHA', 'DE', 'ANGELIM', '5X9', 'C/', '5,0', 'MT']","[0, 0, 0, 0, 0, 0, 0]"
LINHA MISTA 5 X 11 3.0,"['LINHA', 'MISTA', '5', 'X', '11', '3.0']","[0, 0, 0, 0, 0, 0]"
"LINHA ANGELIN 5,0X18CM C/3,5MTS","['LINHA', 'ANGELIN', '5,0X18CM', 'C/3,5MTS']","[0, 0, 0, 0]"
"LINHA MASS 5 X 28 - 1,50","['LINHA', 'MASS', '5', 'X', '28', '-', '1,50']","[0, 0, 0, 0, 0, 0, 0]"
JARANA SERRADO EM M.I.R. RIPA,"['JARANA', 'SERRADO', 'EM', 'M.I.R.', 'RIPA']","[0, 0, 0, 0, 0]"
MACARANDUBA-MADEIRA SERRADA EM (SARRAFO),"['MACARANDUBA-MADEIRA', 'SERRADA', 'EM', '(SARRAFO)']","[0, 0, 0, 0]"
CASCA SECA MADEIRA SERRADA EM SARRAFOS,"['CASCA', 'SECA', 'MADEIRA', 'SERRADA', 'EM', 'SARRAFOS']","[0, 0, 0, 0, 0, 0]"
CAIBRO GUAJAR? C 5 50 MTS,"['CAIBRO', 'GUAJAR?', 'C', '5', '50', 'MTS']","[0, 0, 0, 0, 0, 0]"
MADEIRA SERRADA EM VIGA - ANGELIM-PEDRA,"['MADEIRA', 'SERRADA', 'EM', 'VIGA', '-', 'ANGELIM-PEDRA']","[0, 0, 0, 0, 0, 0]"
LOURO MADEIRA SERRADA,"['LOURO', 'MADEIRA', 'SERRADA']","[0, 0, 0]"
MADEIRA SERRADA DA ESPECIE PEQUIA(CARYOCAR GRACILE WITTM.),"['MADEIRA', 'SERRADA', 'DA', 'ESPECIE', 'PEQUIA(CARYOCAR', 'GRACILE', 'WITTM.)']","[0, 0, 0, 0, 0, 0, 0]"
CAIBRO NAO APARELHADO 5X6CM,"['CAIBRO', 'NAO', 'APARELHADO', '5X6CM']","[0, 0, 0, 0]"
TABUA MELHOR 23-MADEIRA,"['TABUA', 'MELHOR', '23-MADEIRA']","[0, 0, 0]"
CASCA DE PINUS 5KG,"['CASCA', 'DE', 'PINUS', '5KG']","[0, 0, 0, 0]"
JARANA EM SARRAFOS,"['JARANA', 'EM', 'SARRAFOS']","[0, 0, 0]"
PREND ROUPA MADEIRA PARANA C/12 1X1,"['PREND', 'ROUPA', 'MADEIRA', 'PARANA', 'C/12', '1X1']","[0, 0, 0, 0, 0, 0]"
TAXI MADEIRA SERRADO EM VIGA,"['TAXI', 'MADEIRA', 'SERRADO', 'EM', 'VIGA']","[0, 0, 0, 0, 0]"
UXIRANA MADEIRA SERRADA EM VIGA,"['UXIRANA', 'MADEIRA', 'SERRADA', 'EM', 'VIGA']","[0, 0, 0, 0, 0]"
JATOBA MAD IND DE RESIDUOS RIPAS,"['JATOBA', 'MAD', 'IND', 'DE', 'RESIDUOS', 'RIPAS']","[0, 0, 0, 0, 0, 0]"
MOURAO 09 X 09 CM - MAC,"['MOURAO', '09', 'X', '09', 'CM', '-', 'MAC']","[0, 0, 0, 0, 0, 0, 0]"
PRODUTO ACABADO - PORTAIS - DA ESPECIE IPEUBA,"['PRODUTO', 'ACABADO', '-', 'PORTAIS', '-', 'DA', 'ESPECIE', 'IPEUBA']","[0, 0, 0, 0, 0, 0, 0, 0]"
LINHA ANGELIM VERMELHO 5X18 7 5M,"['LINHA', 'ANGELIM', 'VERMELHO', '5X18', '7', '5M']","[0, 0, 0, 0, 0, 0]"
MACARANDUBA 28 MADEIRA SERRADA (VIGA),"['MACARANDUBA', '28', 'MADEIRA', 'SERRADA', '(VIGA)']","[0, 0, 0, 0, 0]"
ELIPSES PARA PORTICO HAVAIANAS,"['ELIPSES', 'PARA', 'PORTICO', 'HAVAIANAS']","[0, 0, 0, 0]"
"LINHA MADEIRA MISTA 3X5 7,50M","['LINHA', 'MADEIRA', 'MISTA', '3X5', '7,50M']","[0, 0, 0, 0, 0]"
TIMBORANA MADEIRA SERRADA EM PRANCHA,"['TIMBORANA', 'MADEIRA', 'SERRADA', 'EM', 'PRANCHA']","[0, 0, 0, 0, 0]"
"LINHA MIX 5X14 6,0MT","['LINHA', 'MIX', '5X14', '6,0MT']","[0, 0, 0, 0]"
MADEIRA SERRADA EM VIGA( ESSENCIA MAC ),"['MADEIRA', 'SERRADA', 'EM', 'VIGA(', 'ESSENCIA', 'MAC', ')']","[0, 0, 0, 0, 0, 0, 0]"
RIPA ANGILIM 2,"['RIPA', 'ANGILIM', '2']","[0, 0, 0]"
PRNCHAO ESP. JATOBA HYMENAEA COURBARIL L.,"['PRNCHAO', 'ESP.', 'JATOBA', 'HYMENAEA', 'COURBARIL', 'L.']","[0, 0, 0, 0, 0, 0]"
MACARANDUBA DORMENTE,"['MACARANDUBA', 'DORMENTE']","[0, 0]"
RES.APROVT. INDUSTRIAL DE MACARANDUBA-CAIBRO CURTO,"['RES.APROVT.', 'INDUSTRIAL', 'DE', 'MACARANDUBA-CAIBRO', 'CURTO']","[0, 0, 0, 0, 0]"
MAD. ESP. MAÇARANDUBA (MANILKARA HUBERI (DUCKE) CHEVALIER) INDUSTRIALIZADA DE RESIDUO (CAIBRINHO),"['MAD.', 'ESP.', 'MAÇARANDUBA', '(MANILKARA', 'HUBERI', '(DUCKE)', 'CHEVALIER)', 'INDUSTRIALIZADA', 'DE', 'RESIDUO', '(CAIBRINHO)']","[0, 0, 0, 0, 0, 0, 0, 0, 0, 0, 0]"
"PORTA DIAGONAL 80CM X 2,10MT","['PORTA', 'DIAGONAL', '80CM', 'X', '2,10MT']","[0, 0, 0, 0, 0]"
IPE SERRADO PRANCHAO,"['IPE', 'SERRADO', 'PRANCHAO']","[0, 0, 0]"
LINHA 5X30CM MISTA,"['LINHA', '5X30CM', 'MISTA']","[0, 0, 0]"
ANGELIM VERMELHO MADEIRA SERRADA(CAIBRO),"['ANGELIM', 'VERMELHO', 'MADEIRA', 'SERRADA(CAIBRO)']","[0, 0, 0, 0]"
MADEIRA SERRADA EM RIPAS DA ESPECIE - GUAJARA,"['MADEIRA', 'SERRADA', 'EM', 'RIPAS', 'DA', 'ESPECIE', '-', 'GUAJARA']","[0, 0, 0, 0, 0, 0, 0, 0]"
LINHA 6X10 3X4  05 DE 4MT,"['LINHA', '6X10', '3X4', '05', 'DE', '4MT']","[0, 0, 0, 0, 0, 0]"
MANDIOQUEIRO MAD IND RESIDUO (CAIBRINHO),"['MANDIOQUEIRO', 'MAD', 'IND', 'RESIDUO', '(CAIBRINHO)']","[0, 0, 0, 0, 0]"
LINHA 5 12 (3X5) CUPIUBA,"['LINHA', '5', '12', '(3X5)', 'CUPIUBA']","[0, 0, 0, 0, 0]"
ANDIROBA - MADEIRA SERRADA EM RIPAS,"['ANDIROBA', '-', 'MADEIRA', 'SERRADA', 'EM', 'RIPAS']","[0, 0, 0, 0, 0, 0]"
"LINHA ANGELIM (5X11CM) 3X5 3,00MT","['LINHA', 'ANGELIM', '(5X11CM)', '3X5', '3,00MT']","[0, 0, 0, 0, 0]"
LAPELA LOURO FOLHA 15G,"['LAPELA', 'LOURO', 'FOLHA', '15G']","[0, 0, 0, 0]"
LAMBRIL JATOBA,"['LAMBRIL', 'JATOBA']","[0, 0]"
GARAPA SERRADA PRANCHA,"['GARAPA', 'SERRADA', 'PRANCHA']","[0, 0, 0]"
